ID;Commute Distance;Region;Purchased Bike;;ID,Commute Distance,Region,Purchased Bike;ID,Commute Distance,Region,Purchased Bike;;
12496;0-1 Miles;Europe;No;;12496,0-1 Miles,Europe,No;12496,0-1 Miles,Europe,No;;#NAME?
24107;0-1 Miles;Europe;No;;24107,0-1 Miles,Europe,No;24107,0-1 Miles,Europe,No;;
14177;2-5 Miles;Europe;No;;14177,2-5 Miles,Europe,No;14177,2-5 Miles,Europe,No;;
24381;5-10 Miles;Pacific;Yes;;24381,5-10 Miles,Pacific,Yes;24381,5-10 Miles,Pacific,Yes;;
25597;0-1 Miles;Europe;Yes;;25597,0-1 Miles,Europe,Yes;25597,0-1 Miles,Europe,Yes;;
13507;1-2 Miles;Europe;No;;13507,1-2 Miles,Europe,No;13507,1-2 Miles,Europe,No;;
27974;0-1 Miles;Pacific;Yes;;27974,0-1 Miles,Pacific,Yes;27974,0-1 Miles,Pacific,Yes;;
19364;0-1 Miles;Europe;Yes;;19364,0-1 Miles,Europe,Yes;19364,0-1 Miles,Europe,Yes;;
22155;5-10 Miles;Pacific;No;;22155,5-10 Miles,Pacific,No;22155,5-10 Miles,Pacific,No;;
19280;0-1 Miles;Europe;Yes;;19280,0-1 Miles,Europe,Yes;19280,0-1 Miles,Europe,Yes;;
22173;1-2 Miles;Pacific;Yes;;22173,1-2 Miles,Pacific,Yes;22173,1-2 Miles,Pacific,Yes;;
12697;10+ Miles;Pacific;No;;12697,10+ Miles,Pacific,No;12697,10+ Miles,Pacific,No;;
11434;0-1 Miles;Europe;No;;11434,0-1 Miles,Europe,No;11434,0-1 Miles,Europe,No;;
25323;1-2 Miles;Europe;Yes;;25323,1-2 Miles,Europe,Yes;25323,1-2 Miles,Europe,Yes;;
23542;0-1 Miles;Pacific;Yes;;23542,0-1 Miles,Pacific,Yes;23542,0-1 Miles,Pacific,Yes;;
20870;0-1 Miles;Europe;Yes;;20870,0-1 Miles,Europe,Yes;20870,0-1 Miles,Europe,Yes;;
23316;1-2 Miles;Pacific;Yes;;23316,1-2 Miles,Pacific,Yes;23316,1-2 Miles,Pacific,Yes;;
12610;0-1 Miles;Europe;No;;12610,0-1 Miles,Europe,No;12610,0-1 Miles,Europe,No;;
27183;1-2 Miles;Europe;Yes;;27183,1-2 Miles,Europe,Yes;27183,1-2 Miles,Europe,Yes;;
25940;5-10 Miles;Pacific;Yes;;25940,5-10 Miles,Pacific,Yes;25940,5-10 Miles,Pacific,Yes;;
25598;0-1 Miles;Europe;Yes;;25598,0-1 Miles,Europe,Yes;25598,0-1 Miles,Europe,Yes;;
21564;10+ Miles;Pacific;No;;21564,10+ Miles,Pacific,No;21564,10+ Miles,Pacific,No;;
19193;1-2 Miles;Europe;Yes;;19193,1-2 Miles,Europe,Yes;19193,1-2 Miles,Europe,Yes;;
26412;5-10 Miles;Europe;No;;26412,5-10 Miles,Europe,No;26412,5-10 Miles,Europe,No;;
27184;0-1 Miles;Europe;No;;27184,0-1 Miles,Europe,No;27184,0-1 Miles,Europe,No;;
12590;0-1 Miles;Europe;No;;12590,0-1 Miles,Europe,No;12590,0-1 Miles,Europe,No;;
17841;0-1 Miles;Europe;Yes;;17841,0-1 Miles,Europe,Yes;17841,0-1 Miles,Europe,Yes;;
18283;5-10 Miles;Pacific;No;;18283,5-10 Miles,Pacific,No;18283,5-10 Miles,Pacific,No;;
18299;5-10 Miles;Pacific;No;;18299,5-10 Miles,Pacific,No;18299,5-10 Miles,Pacific,No;;
16466;0-1 Miles;Europe;Yes;;16466,0-1 Miles,Europe,Yes;16466,0-1 Miles,Europe,Yes;;
19273;0-1 Miles;Europe;No;;19273,0-1 Miles,Europe,No;19273,0-1 Miles,Europe,No;;
22400;0-1 Miles;Pacific;Yes;;22400,0-1 Miles,Pacific,Yes;22400,0-1 Miles,Pacific,Yes;;
20942;5-10 Miles;Europe;No;;20942,5-10 Miles,Europe,No;20942,5-10 Miles,Europe,No;;
18484;1-2 Miles;Pacific;Yes;;18484,1-2 Miles,Pacific,Yes;18484,1-2 Miles,Pacific,Yes;;
12291;2-5 Miles;Europe;Yes;;12291,2-5 Miles,Europe,Yes;12291,2-5 Miles,Europe,Yes;;
28380;0-1 Miles;Europe;No;;28380,0-1 Miles,Europe,No;28380,0-1 Miles,Europe,No;;
17891;0-1 Miles;Europe;Yes;;17891,0-1 Miles,Europe,Yes;17891,0-1 Miles,Europe,Yes;;
27832;2-5 Miles;Europe;No;;27832,2-5 Miles,Europe,No;27832,2-5 Miles,Europe,No;;
26863;2-5 Miles;Europe;No;;26863,2-5 Miles,Europe,No;26863,2-5 Miles,Europe,No;;
16259;0-1 Miles;Europe;Yes;;16259,0-1 Miles,Europe,Yes;16259,0-1 Miles,Europe,Yes;;
27803;0-1 Miles;Europe;No;;27803,0-1 Miles,Europe,No;27803,0-1 Miles,Europe,No;;
14347;5-10 Miles;Pacific;Yes;;14347,5-10 Miles,Pacific,Yes;14347,5-10 Miles,Pacific,Yes;;
17703;0-1 Miles;Europe;No;;17703,0-1 Miles,Europe,No;17703,0-1 Miles,Europe,No;;
17185;5-10 Miles;Europe;Yes;;17185,5-10 Miles,Europe,Yes;17185,5-10 Miles,Europe,Yes;;
29380;0-1 Miles;Europe;Yes;;29380,0-1 Miles,Europe,Yes;29380,0-1 Miles,Europe,Yes;;
23986;0-1 Miles;Europe;Yes;;23986,0-1 Miles,Europe,Yes;23986,0-1 Miles,Europe,Yes;;
24466;5-10 Miles;Pacific;Yes;;24466,5-10 Miles,Pacific,Yes;24466,5-10 Miles,Pacific,Yes;;
29097;5-10 Miles;Pacific;Yes;;29097,5-10 Miles,Pacific,Yes;29097,5-10 Miles,Pacific,Yes;;
19487;0-1 Miles;Europe;No;;19487,0-1 Miles,Europe,No;19487,0-1 Miles,Europe,No;;
14939;0-1 Miles;Europe;Yes;;14939,0-1 Miles,Europe,Yes;14939,0-1 Miles,Europe,Yes;;
13826;0-1 Miles;Europe;No;;13826,0-1 Miles,Europe,No;13826,0-1 Miles,Europe,No;;
20619;10+ Miles;Pacific;No;;20619,10+ Miles,Pacific,No;20619,10+ Miles,Pacific,No;;
12558;0-1 Miles;Europe;No;;12558,0-1 Miles,Europe,No;12558,0-1 Miles,Europe,No;;
24871;5-10 Miles;Europe;No;;24871,5-10 Miles,Europe,No;24871,5-10 Miles,Europe,No;;
17319;5-10 Miles;Pacific;No;;17319,5-10 Miles,Pacific,No;17319,5-10 Miles,Pacific,No;;
28906;10+ Miles;Europe;No;;28906,10+ Miles,Europe,No;28906,10+ Miles,Europe,No;;
12808;0-1 Miles;Europe;Yes;;12808,0-1 Miles,Europe,Yes;12808,0-1 Miles,Europe,Yes;;
20567;5-10 Miles;Europe;Yes;;20567,5-10 Miles,Europe,Yes;20567,5-10 Miles,Europe,Yes;;
25502;0-1 Miles;Europe;Yes;;25502,0-1 Miles,Europe,Yes;25502,0-1 Miles,Europe,Yes;;
15580;2-5 Miles;Pacific;Yes;;15580,2-5 Miles,Pacific,Yes;15580,2-5 Miles,Pacific,Yes;;
24185;1-2 Miles;Europe;No;;24185,1-2 Miles,Europe,No;24185,1-2 Miles,Europe,No;;
19291;0-1 Miles;Europe;No;;19291,0-1 Miles,Europe,No;19291,0-1 Miles,Europe,No;;
16713;0-1 Miles;Pacific;Yes;;16713,0-1 Miles,Pacific,Yes;16713,0-1 Miles,Pacific,Yes;;
16185;10+ Miles;Pacific;No;;16185,10+ Miles,Pacific,No;16185,10+ Miles,Pacific,No;;
14927;0-1 Miles;Europe;Yes;;14927,0-1 Miles,Europe,Yes;14927,0-1 Miles,Europe,Yes;;
29337;5-10 Miles;Pacific;No;;29337,5-10 Miles,Pacific,No;29337,5-10 Miles,Pacific,No;;
29355;0-1 Miles;Europe;Yes;;29355,0-1 Miles,Europe,Yes;29355,0-1 Miles,Europe,Yes;;
25303;2-5 Miles;Europe;Yes;;25303,2-5 Miles,Europe,Yes;25303,2-5 Miles,Europe,Yes;;
14813;0-1 Miles;Europe;Yes;;14813,0-1 Miles,Europe,Yes;14813,0-1 Miles,Europe,Yes;;
16438;0-1 Miles;Europe;No;;16438,0-1 Miles,Europe,No;16438,0-1 Miles,Europe,No;;
14238;10+ Miles;Pacific;Yes;;14238,10+ Miles,Pacific,Yes;14238,10+ Miles,Pacific,Yes;;
16200;0-1 Miles;Europe;No;;16200,0-1 Miles,Europe,No;16200,0-1 Miles,Europe,No;;
24857;0-1 Miles;Europe;No;;24857,0-1 Miles,Europe,No;24857,0-1 Miles,Europe,No;;
26956;2-5 Miles;Europe;Yes;;26956,2-5 Miles,Europe,Yes;26956,2-5 Miles,Europe,Yes;;
14517;1-2 Miles;Pacific;No;;14517,1-2 Miles,Pacific,No;14517,1-2 Miles,Pacific,No;;
12678;0-1 Miles;Pacific;No;;12678,0-1 Miles,Pacific,No;12678,0-1 Miles,Pacific,No;;
16188;1-2 Miles;Europe;No;;16188,1-2 Miles,Europe,No;16188,1-2 Miles,Europe,No;;
27969;10+ Miles;Pacific;Yes;;27969,10+ Miles,Pacific,Yes;27969,10+ Miles,Pacific,Yes;;
15752;1-2 Miles;Pacific;Yes;;15752,1-2 Miles,Pacific,Yes;15752,1-2 Miles,Pacific,Yes;;
27745;5-10 Miles;Pacific;Yes;;27745,5-10 Miles,Pacific,Yes;27745,5-10 Miles,Pacific,Yes;;
20828;0-1 Miles;Europe;Yes;;20828,0-1 Miles,Europe,Yes;20828,0-1 Miles,Europe,Yes;;
19461;0-1 Miles;Europe;No;;19461,0-1 Miles,Europe,No;19461,0-1 Miles,Europe,No;;
26941;0-1 Miles;Europe;Yes;;26941,0-1 Miles,Europe,Yes;26941,0-1 Miles,Europe,Yes;;
28412;2-5 Miles;Europe;No;;28412,2-5 Miles,Europe,No;28412,2-5 Miles,Europe,No;;
24485;5-10 Miles;Pacific;Yes;;24485,5-10 Miles,Pacific,Yes;24485,5-10 Miles,Pacific,Yes;;
16514;1-2 Miles;Pacific;Yes;;16514,1-2 Miles,Pacific,Yes;16514,1-2 Miles,Pacific,Yes;;
17191;0-1 Miles;Europe;Yes;;17191,0-1 Miles,Europe,Yes;17191,0-1 Miles,Europe,Yes;;
19608;1-2 Miles;Pacific;No;;19608,1-2 Miles,Pacific,No;19608,1-2 Miles,Pacific,No;;
24119;2-5 Miles;Europe;No;;24119,2-5 Miles,Europe,No;24119,2-5 Miles,Europe,No;;
25458;1-2 Miles;Europe;Yes;;25458,1-2 Miles,Europe,Yes;25458,1-2 Miles,Europe,Yes;;
26886;0-1 Miles;Europe;Yes;;26886,0-1 Miles,Europe,Yes;26886,0-1 Miles,Europe,Yes;;
28436;0-1 Miles;Europe;Yes;;28436,0-1 Miles,Europe,Yes;28436,0-1 Miles,Europe,Yes;;
19562;2-5 Miles;Pacific;Yes;;19562,2-5 Miles,Pacific,Yes;19562,2-5 Miles,Pacific,Yes;;
15608;2-5 Miles;Europe;No;;15608,2-5 Miles,Europe,No;15608,2-5 Miles,Europe,No;;
16487;5-10 Miles;Pacific;No;;16487,5-10 Miles,Pacific,No;16487,5-10 Miles,Pacific,No;;
17197;10+ Miles;Europe;No;;17197,10+ Miles,Europe,No;17197,10+ Miles,Europe,No;;
12507;0-1 Miles;Europe;No;;12507,0-1 Miles,Europe,No;12507,0-1 Miles,Europe,No;;
23940;0-1 Miles;Europe;Yes;;23940,0-1 Miles,Europe,Yes;23940,0-1 Miles,Europe,Yes;;
19441;0-1 Miles;Europe;Yes;;19441,0-1 Miles,Europe,Yes;19441,0-1 Miles,Europe,Yes;;
26852;0-1 Miles;Europe;No;;26852,0-1 Miles,Europe,No;26852,0-1 Miles,Europe,No;;
12274;0-1 Miles;Europe;No;;12274,0-1 Miles,Europe,No;12274,0-1 Miles,Europe,No;;
20236;0-1 Miles;Pacific;Yes;;20236,0-1 Miles,Pacific,Yes;20236,0-1 Miles,Pacific,Yes;;
24149;1-2 Miles;Europe;No;;24149,1-2 Miles,Europe,No;24149,1-2 Miles,Europe,No;;
26139;5-10 Miles;Pacific;No;;26139,5-10 Miles,Pacific,No;26139,5-10 Miles,Pacific,No;;
18491;5-10 Miles;Pacific;Yes;;18491,5-10 Miles,Pacific,Yes;18491,5-10 Miles,Pacific,Yes;;
22707;2-5 Miles;Europe;No;;22707,2-5 Miles,Europe,No;22707,2-5 Miles,Europe,No;;
20430;5-10 Miles;Pacific;Yes;;20430,5-10 Miles,Pacific,Yes;20430,5-10 Miles,Pacific,Yes;;
27494;1-2 Miles;Pacific;Yes;;27494,1-2 Miles,Pacific,Yes;27494,1-2 Miles,Pacific,Yes;;
26829;0-1 Miles;Europe;Yes;;26829,0-1 Miles,Europe,Yes;26829,0-1 Miles,Europe,Yes;;
28395;0-1 Miles;Europe;Yes;;28395,0-1 Miles,Europe,Yes;28395,0-1 Miles,Europe,Yes;;
21006;0-1 Miles;Europe;Yes;;21006,0-1 Miles,Europe,Yes;21006,0-1 Miles,Europe,Yes;;
14682;5-10 Miles;Pacific;No;;14682,5-10 Miles,Pacific,No;14682,5-10 Miles,Pacific,No;;
17650;1-2 Miles;Europe;No;;17650,1-2 Miles,Europe,No;17650,1-2 Miles,Europe,No;;
29191;0-1 Miles;Pacific;Yes;;29191,0-1 Miles,Pacific,Yes;29191,0-1 Miles,Pacific,Yes;;
15030;0-1 Miles;Pacific;Yes;;15030,0-1 Miles,Pacific,Yes;15030,0-1 Miles,Pacific,Yes;;
24140;0-1 Miles;Europe;Yes;;24140,0-1 Miles,Europe,Yes;24140,0-1 Miles,Europe,Yes;;
22496;0-1 Miles;Europe;No;;22496,0-1 Miles,Europe,No;22496,0-1 Miles,Europe,No;;
24065;0-1 Miles;Europe;Yes;;24065,0-1 Miles,Europe,Yes;24065,0-1 Miles,Europe,Yes;;
19914;2-5 Miles;Europe;No;;19914,2-5 Miles,Europe,No;19914,2-5 Miles,Europe,No;;
12871;2-5 Miles;Europe;No;;12871,2-5 Miles,Europe,No;12871,2-5 Miles,Europe,No;;
22988;5-10 Miles;Pacific;Yes;;22988,5-10 Miles,Pacific,Yes;22988,5-10 Miles,Pacific,Yes;;
15922;0-1 Miles;Europe;No;;15922,0-1 Miles,Europe,No;15922,0-1 Miles,Europe,No;;
12344;10+ Miles;Pacific;No;;12344,10+ Miles,Pacific,No;12344,10+ Miles,Pacific,No;;
23627;5-10 Miles;Europe;No;;23627,5-10 Miles,Europe,No;23627,5-10 Miles,Europe,No;;
27775;0-1 Miles;Europe;Yes;;27775,0-1 Miles,Europe,Yes;27775,0-1 Miles,Europe,Yes;;
29301;1-2 Miles;Pacific;No;;29301,1-2 Miles,Pacific,No;29301,1-2 Miles,Pacific,No;;
12716;2-5 Miles;Europe;No;;12716,2-5 Miles,Europe,No;12716,2-5 Miles,Europe,No;;
12472;2-5 Miles;Europe;No;;12472,2-5 Miles,Europe,No;12472,2-5 Miles,Europe,No;;
20970;0-1 Miles;Europe;Yes;;20970,0-1 Miles,Europe,Yes;20970,0-1 Miles,Europe,Yes;;
26818;0-1 Miles;Europe;Yes;;26818,0-1 Miles,Europe,Yes;26818,0-1 Miles,Europe,Yes;;
12993;2-5 Miles;Pacific;No;;12993,2-5 Miles,Pacific,No;12993,2-5 Miles,Pacific,No;;
14192;5-10 Miles;Europe;Yes;;14192,5-10 Miles,Europe,Yes;14192,5-10 Miles,Europe,Yes;;
19477;0-1 Miles;Europe;Yes;;19477,0-1 Miles,Europe,Yes;19477,0-1 Miles,Europe,Yes;;
26796;5-10 Miles;Pacific;Yes;;26796,5-10 Miles,Pacific,Yes;26796,5-10 Miles,Pacific,Yes;;
21094;0-1 Miles;Europe;No;;21094,0-1 Miles,Europe,No;21094,0-1 Miles,Europe,No;;
12234;2-5 Miles;Europe;No;;12234,2-5 Miles,Europe,No;12234,2-5 Miles,Europe,No;;
28683;5-10 Miles;Europe;Yes;;28683,5-10 Miles,Europe,Yes;28683,5-10 Miles,Europe,Yes;;
17994;0-1 Miles;Europe;No;;17994,0-1 Miles,Europe,No;17994,0-1 Miles,Europe,No;;
24273;5-10 Miles;Pacific;Yes;;24273,5-10 Miles,Pacific,Yes;24273,5-10 Miles,Pacific,Yes;;
26547;5-10 Miles;Pacific;Yes;;26547,5-10 Miles,Pacific,Yes;26547,5-10 Miles,Pacific,Yes;;
22500;0-1 Miles;Europe;Yes;;22500,0-1 Miles,Europe,Yes;22500,0-1 Miles,Europe,Yes;;
23993;0-1 Miles;Pacific;Yes;;23993,0-1 Miles,Pacific,Yes;23993,0-1 Miles,Pacific,Yes;;
14832;0-1 Miles;Europe;Yes;;14832,0-1 Miles,Europe,Yes;14832,0-1 Miles,Europe,Yes;;
16614;10+ Miles;Pacific;No;;16614,10+ Miles,Pacific,No;16614,10+ Miles,Pacific,No;;
20877;1-2 Miles;Europe;Yes;;20877,1-2 Miles,Europe,Yes;20877,1-2 Miles,Europe,Yes;;
20729;0-1 Miles;Europe;No;;20729,0-1 Miles,Europe,No;20729,0-1 Miles,Europe,No;;
22464;0-1 Miles;Europe;Yes;;22464,0-1 Miles,Europe,Yes;22464,0-1 Miles,Europe,Yes;;
19475;0-1 Miles;Europe;Yes;;19475,0-1 Miles,Europe,Yes;19475,0-1 Miles,Europe,Yes;;
19675;5-10 Miles;Pacific;No;;19675,5-10 Miles,Pacific,No;19675,5-10 Miles,Pacific,No;;
12728;1-2 Miles;Europe;No;;12728,1-2 Miles,Europe,No;12728,1-2 Miles,Europe,No;;
26154;5-10 Miles;Pacific;Yes;;26154,5-10 Miles,Pacific,Yes;26154,5-10 Miles,Pacific,Yes;;
29117;0-1 Miles;Pacific;No;;29117,0-1 Miles,Pacific,No;29117,0-1 Miles,Pacific,No;;
17845;1-2 Miles;Europe;No;;17845,1-2 Miles,Europe,No;17845,1-2 Miles,Europe,No;;
25058;2-5 Miles;Pacific;No;;25058,2-5 Miles,Pacific,No;25058,2-5 Miles,Pacific,No;;
23426;0-1 Miles;Pacific;No;;23426,0-1 Miles,Pacific,No;23426,0-1 Miles,Pacific,No;;
14798;0-1 Miles;Europe;Yes;;14798,0-1 Miles,Europe,Yes;14798,0-1 Miles,Europe,Yes;;
12664;0-1 Miles;Europe;No;;12664,0-1 Miles,Europe,No;12664,0-1 Miles,Europe,No;;
23979;0-1 Miles;Europe;No;;23979,0-1 Miles,Europe,No;23979,0-1 Miles,Europe,No;;
25605;0-1 Miles;Europe;Yes;;25605,0-1 Miles,Europe,Yes;25605,0-1 Miles,Europe,Yes;;
20797;0-1 Miles;Europe;No;;20797,0-1 Miles,Europe,No;20797,0-1 Miles,Europe,No;;
21980;5-10 Miles;Pacific;Yes;;21980,5-10 Miles,Pacific,Yes;21980,5-10 Miles,Pacific,Yes;;
25460;0-1 Miles;Europe;Yes;;25460,0-1 Miles,Europe,Yes;25460,0-1 Miles,Europe,Yes;;
29181;0-1 Miles;Pacific;Yes;;29181,0-1 Miles,Pacific,Yes;29181,0-1 Miles,Pacific,Yes;;
24279;1-2 Miles;Pacific;No;;24279,1-2 Miles,Pacific,No;24279,1-2 Miles,Pacific,No;;
22402;2-5 Miles;Pacific;Yes;;22402,2-5 Miles,Pacific,Yes;22402,2-5 Miles,Pacific,Yes;;
15465;0-1 Miles;Pacific;No;;15465,0-1 Miles,Pacific,No;15465,0-1 Miles,Pacific,No;;
26757;2-5 Miles;Pacific;Yes;;26757,2-5 Miles,Pacific,Yes;26757,2-5 Miles,Pacific,Yes;;
14233;10+ Miles;Pacific;No;;14233,10+ Miles,Pacific,No;14233,10+ Miles,Pacific,No;;
14058;5-10 Miles;Pacific;Yes;;14058,5-10 Miles,Pacific,Yes;14058,5-10 Miles,Pacific,Yes;;
12273;0-1 Miles;Europe;No;;12273,0-1 Miles,Europe,No;12273,0-1 Miles,Europe,No;;
17203;5-10 Miles;Europe;Yes;;17203,5-10 Miles,Europe,Yes;17203,5-10 Miles,Europe,Yes;;
18144;2-5 Miles;Europe;No;;18144,2-5 Miles,Europe,No;18144,2-5 Miles,Europe,No;;
23963;0-1 Miles;Europe;No;;23963,0-1 Miles,Europe,No;23963,0-1 Miles,Europe,No;;
17907;2-5 Miles;Pacific;No;;17907,2-5 Miles,Pacific,No;17907,2-5 Miles,Pacific,No;;
19442;0-1 Miles;Europe;Yes;;19442,0-1 Miles,Europe,Yes;19442,0-1 Miles,Europe,Yes;;
17504;5-10 Miles;Pacific;Yes;;17504,5-10 Miles,Pacific,Yes;17504,5-10 Miles,Pacific,Yes;;
12253;0-1 Miles;Pacific;Yes;;12253,0-1 Miles,Pacific,Yes;12253,0-1 Miles,Pacific,Yes;;
27304;5-10 Miles;Europe;No;;27304,5-10 Miles,Europe,No;27304,5-10 Miles,Europe,No;;
14191;10+ Miles;Europe;Yes;;14191,10+ Miles,Europe,Yes;14191,10+ Miles,Europe,Yes;;
12212;0-1 Miles;Europe;Yes;;12212,0-1 Miles,Europe,Yes;12212,0-1 Miles,Europe,Yes;;
25529;0-1 Miles;Europe;No;;25529,0-1 Miles,Europe,No;25529,0-1 Miles,Europe,No;;
22170;1-2 Miles;Pacific;Yes;;22170,1-2 Miles,Pacific,Yes;22170,1-2 Miles,Pacific,Yes;;
19445;0-1 Miles;Europe;No;;19445,0-1 Miles,Europe,No;19445,0-1 Miles,Europe,No;;
15265;5-10 Miles;Pacific;Yes;;15265,5-10 Miles,Pacific,Yes;15265,5-10 Miles,Pacific,Yes;;
28918;10+ Miles;Europe;No;;28918,10+ Miles,Europe,No;28918,10+ Miles,Europe,No;;
15799;2-5 Miles;Pacific;Yes;;15799,2-5 Miles,Pacific,Yes;15799,2-5 Miles,Pacific,Yes;;
11047;1-2 Miles;Pacific;Yes;;11047,1-2 Miles,Pacific,Yes;11047,1-2 Miles,Pacific,Yes;;
18151;10+ Miles;Europe;No;;18151,10+ Miles,Europe,No;18151,10+ Miles,Europe,No;;
20606;10+ Miles;Pacific;Yes;;20606,10+ Miles,Pacific,Yes;20606,10+ Miles,Pacific,Yes;;
19482;0-1 Miles;Europe;Yes;;19482,0-1 Miles,Europe,Yes;19482,0-1 Miles,Europe,Yes;;
16489;5-10 Miles;Pacific;No;;16489,5-10 Miles,Pacific,No;16489,5-10 Miles,Pacific,No;;
26944;0-1 Miles;Europe;Yes;;26944,0-1 Miles,Europe,Yes;26944,0-1 Miles,Europe,Yes;;
15682;10+ Miles;Europe;No;;15682,10+ Miles,Europe,No;15682,10+ Miles,Europe,No;;
26032;10+ Miles;Pacific;No;;26032,10+ Miles,Pacific,No;26032,10+ Miles,Pacific,No;;
17843;0-1 Miles;Europe;No;;17843,0-1 Miles,Europe,No;17843,0-1 Miles,Europe,No;;
25559;0-1 Miles;Pacific;Yes;;25559,0-1 Miles,Pacific,Yes;25559,0-1 Miles,Pacific,Yes;;
16209;1-2 Miles;Europe;No;;16209,1-2 Miles,Europe,No;16209,1-2 Miles,Europe,No;;
11147;0-1 Miles;Pacific;Yes;;11147,0-1 Miles,Pacific,Yes;11147,0-1 Miles,Pacific,Yes;;
15214;1-2 Miles;Pacific;Yes;;15214,1-2 Miles,Pacific,Yes;15214,1-2 Miles,Pacific,Yes;;
11453;10+ Miles;Pacific;Yes;;11453,10+ Miles,Pacific,Yes;11453,10+ Miles,Pacific,Yes;;
24584;2-5 Miles;Pacific;No;;24584,2-5 Miles,Pacific,No;24584,2-5 Miles,Pacific,No;;
12585;2-5 Miles;Pacific;Yes;;12585,2-5 Miles,Pacific,Yes;12585,2-5 Miles,Pacific,Yes;;
18626;1-2 Miles;Europe;Yes;;18626,1-2 Miles,Europe,Yes;18626,1-2 Miles,Europe,Yes;;
29298;5-10 Miles;Pacific;Yes;;29298,5-10 Miles,Pacific,Yes;29298,5-10 Miles,Pacific,Yes;;
24842;2-5 Miles;Europe;No;;24842,2-5 Miles,Europe,No;24842,2-5 Miles,Europe,No;;
15657;0-1 Miles;Europe;Yes;;15657,0-1 Miles,Europe,Yes;15657,0-1 Miles,Europe,Yes;;
11415;10+ Miles;Europe;No;;11415,10+ Miles,Europe,No;11415,10+ Miles,Europe,No;;
28729;1-2 Miles;Europe;Yes;;28729,1-2 Miles,Europe,Yes;28729,1-2 Miles,Europe,Yes;;
22633;0-1 Miles;Europe;Yes;;22633,0-1 Miles,Europe,Yes;22633,0-1 Miles,Europe,Yes;;
25649;0-1 Miles;Europe;Yes;;25649,0-1 Miles,Europe,Yes;25649,0-1 Miles,Europe,Yes;;
14669;0-1 Miles;Pacific;No;;14669,0-1 Miles,Pacific,No;14669,0-1 Miles,Pacific,No;;
19299;0-1 Miles;Europe;Yes;;19299,0-1 Miles,Europe,Yes;19299,0-1 Miles,Europe,Yes;;
20946;2-5 Miles;Europe;No;;20946,2-5 Miles,Europe,No;20946,2-5 Miles,Europe,No;;
11451;10+ Miles;Pacific;Yes;;11451,10+ Miles,Pacific,Yes;11451,10+ Miles,Pacific,Yes;;
25553;0-1 Miles;Europe;Yes;;25553,0-1 Miles,Europe,Yes;25553,0-1 Miles,Europe,Yes;;
27951;2-5 Miles;Europe;Yes;;27951,2-5 Miles,Europe,Yes;27951,2-5 Miles,Europe,Yes;;
25026;5-10 Miles;Pacific;No;;25026,5-10 Miles,Pacific,No;25026,5-10 Miles,Pacific,No;;
13673;0-1 Miles;Europe;No;;13673,0-1 Miles,Europe,No;13673,0-1 Miles,Europe,No;;
16043;0-1 Miles;Europe;No;;16043,0-1 Miles,Europe,No;16043,0-1 Miles,Europe,No;;
22399;1-2 Miles;Pacific;Yes;;22399,1-2 Miles,Pacific,Yes;22399,1-2 Miles,Pacific,Yes;;
27696;5-10 Miles;Pacific;Yes;;27696,5-10 Miles,Pacific,Yes;27696,5-10 Miles,Pacific,Yes;;
25313;1-2 Miles;Europe;No;;25313,1-2 Miles,Europe,No;25313,1-2 Miles,Europe,No;;
13813;0-1 Miles;Europe;No;;13813,0-1 Miles,Europe,No;13813,0-1 Miles,Europe,No;;
18711;10+ Miles;Pacific;No;;18711,10+ Miles,Pacific,No;18711,10+ Miles,Pacific,No;;
19650;0-1 Miles;Pacific;No;;19650,0-1 Miles,Pacific,No;19650,0-1 Miles,Pacific,No;;
14135;1-2 Miles;Europe;No;;14135,1-2 Miles,Europe,No;14135,1-2 Miles,Europe,No;;
12833;0-1 Miles;Europe;Yes;;12833,0-1 Miles,Europe,Yes;12833,0-1 Miles,Europe,Yes;;
26849;0-1 Miles;Europe;No;;26849,0-1 Miles,Europe,No;26849,0-1 Miles,Europe,No;;
20962;0-1 Miles;Europe;No;;20962,0-1 Miles,Europe,No;20962,0-1 Miles,Europe,No;;
28915;10+ Miles;Europe;No;;28915,10+ Miles,Europe,No;28915,10+ Miles,Europe,No;;
22830;10+ Miles;Europe;No;;22830,10+ Miles,Europe,No;22830,10+ Miles,Europe,No;;
14777;0-1 Miles;Europe;Yes;;14777,0-1 Miles,Europe,Yes;14777,0-1 Miles,Europe,Yes;;
12591;0-1 Miles;Europe;No;;12591,0-1 Miles,Europe,No;12591,0-1 Miles,Europe,No;;
24174;0-1 Miles;Pacific;Yes;;24174,0-1 Miles,Pacific,Yes;24174,0-1 Miles,Pacific,Yes;;
24611;10+ Miles;Pacific;Yes;;24611,10+ Miles,Pacific,Yes;24611,10+ Miles,Pacific,Yes;;
11340;0-1 Miles;Europe;Yes;;11340,0-1 Miles,Europe,Yes;11340,0-1 Miles,Europe,Yes;;
25693;0-1 Miles;Europe;Yes;;25693,0-1 Miles,Europe,Yes;25693,0-1 Miles,Europe,Yes;;
25555;0-1 Miles;Pacific;Yes;;25555,0-1 Miles,Pacific,Yes;25555,0-1 Miles,Pacific,Yes;;
22006;5-10 Miles;Pacific;No;;22006,5-10 Miles,Pacific,No;22006,5-10 Miles,Pacific,No;;
20060;2-5 Miles;Europe;Yes;;20060,2-5 Miles,Europe,Yes;20060,2-5 Miles,Europe,Yes;;
17702;0-1 Miles;Europe;No;;17702,0-1 Miles,Europe,No;17702,0-1 Miles,Europe,No;;
12503;0-1 Miles;Europe;No;;12503,0-1 Miles,Europe,No;12503,0-1 Miles,Europe,No;;
23908;0-1 Miles;Europe;Yes;;23908,0-1 Miles,Europe,Yes;23908,0-1 Miles,Europe,Yes;;
22527;2-5 Miles;Europe;No;;22527,2-5 Miles,Europe,No;22527,2-5 Miles,Europe,No;;
19057;10+ Miles;Europe;Yes;;19057,10+ Miles,Europe,Yes;19057,10+ Miles,Europe,Yes;;
18494;2-5 Miles;Pacific;Yes;;18494,2-5 Miles,Pacific,Yes;18494,2-5 Miles,Pacific,Yes;;
11249;0-1 Miles;Europe;Yes;;11249,0-1 Miles,Europe,Yes;11249,0-1 Miles,Europe,Yes;;
21568;10+ Miles;Pacific;Yes;;21568,10+ Miles,Pacific,Yes;21568,10+ Miles,Pacific,Yes;;
13981;1-2 Miles;Pacific;No;;13981,1-2 Miles,Pacific,No;13981,1-2 Miles,Pacific,No;;
23432;5-10 Miles;Pacific;Yes;;23432,5-10 Miles,Pacific,Yes;23432,5-10 Miles,Pacific,Yes;;
22931;1-2 Miles;Pacific;Yes;;22931,1-2 Miles,Pacific,Yes;22931,1-2 Miles,Pacific,Yes;;
18172;0-1 Miles;Europe;No;;18172,0-1 Miles,Europe,No;18172,0-1 Miles,Europe,No;;
12666;2-5 Miles;Pacific;No;;12666,2-5 Miles,Pacific,No;12666,2-5 Miles,Pacific,No;;
20598;10+ Miles;Europe;Yes;;20598,10+ Miles,Europe,Yes;20598,10+ Miles,Europe,Yes;;
21375;5-10 Miles;Pacific;No;;21375,5-10 Miles,Pacific,No;21375,5-10 Miles,Pacific,No;;
20839;0-1 Miles;Europe;Yes;;20839,0-1 Miles,Europe,Yes;20839,0-1 Miles,Europe,Yes;;
21738;0-1 Miles;Europe;No;;21738,0-1 Miles,Europe,No;21738,0-1 Miles,Europe,No;;
14164;0-1 Miles;Europe;Yes;;14164,0-1 Miles,Europe,Yes;14164,0-1 Miles,Europe,Yes;;
14193;10+ Miles;Europe;No;;14193,10+ Miles,Europe,No;14193,10+ Miles,Europe,No;;
12705;0-1 Miles;Pacific;Yes;;12705,0-1 Miles,Pacific,Yes;12705,0-1 Miles,Pacific,Yes;;
22672;0-1 Miles;Europe;No;;22672,0-1 Miles,Europe,No;22672,0-1 Miles,Europe,No;;
26219;1-2 Miles;Europe;Yes;;26219,1-2 Miles,Europe,Yes;26219,1-2 Miles,Europe,Yes;;
28468;1-2 Miles;Europe;No;;28468,1-2 Miles,Europe,No;28468,1-2 Miles,Europe,No;;
23419;10+ Miles;Pacific;No;;23419,10+ Miles,Pacific,No;23419,10+ Miles,Pacific,No;;
17964;0-1 Miles;Europe;Yes;;17964,0-1 Miles,Europe,Yes;17964,0-1 Miles,Europe,Yes;;
20919;0-1 Miles;Europe;No;;20919,0-1 Miles,Europe,No;20919,0-1 Miles,Europe,No;;
20927;0-1 Miles;Europe;No;;20927,0-1 Miles,Europe,No;20927,0-1 Miles,Europe,No;;
13133;5-10 Miles;Pacific;Yes;;13133,5-10 Miles,Pacific,Yes;13133,5-10 Miles,Pacific,Yes;;
19626;5-10 Miles;Pacific;No;;19626,5-10 Miles,Pacific,No;19626,5-10 Miles,Pacific,No;;
21039;0-1 Miles;Europe;Yes;;21039,0-1 Miles,Europe,Yes;21039,0-1 Miles,Europe,Yes;;
12231;0-1 Miles;Europe;Yes;;12231,0-1 Miles,Europe,Yes;12231,0-1 Miles,Europe,Yes;;
25665;1-2 Miles;Europe;No;;25665,1-2 Miles,Europe,No;25665,1-2 Miles,Europe,No;;
24061;0-1 Miles;Europe;Yes;;24061,0-1 Miles,Europe,Yes;24061,0-1 Miles,Europe,Yes;;
26879;2-5 Miles;Europe;No;;26879,2-5 Miles,Europe,No;26879,2-5 Miles,Europe,No;;
12284;0-1 Miles;Europe;Yes;;12284,0-1 Miles,Europe,Yes;12284,0-1 Miles,Europe,Yes;;
26654;0-1 Miles;Pacific;Yes;;26654,0-1 Miles,Pacific,Yes;26654,0-1 Miles,Pacific,Yes;;
14545;1-2 Miles;Europe;No;;14545,1-2 Miles,Europe,No;14545,1-2 Miles,Europe,No;;
24201;0-1 Miles;Europe;Yes;;24201,0-1 Miles,Europe,Yes;24201,0-1 Miles,Europe,Yes;;
20625;10+ Miles;Pacific;Yes;;20625,10+ Miles,Pacific,Yes;20625,10+ Miles,Pacific,Yes;;
16390;0-1 Miles;Europe;Yes;;16390,0-1 Miles,Europe,Yes;16390,0-1 Miles,Europe,Yes;;
14804;0-1 Miles;Europe;No;;14804,0-1 Miles,Europe,No;14804,0-1 Miles,Europe,No;;
12629;0-1 Miles;Europe;No;;12629,0-1 Miles,Europe,No;12629,0-1 Miles,Europe,No;;
14696;0-1 Miles;Europe;No;;14696,0-1 Miles,Europe,No;14696,0-1 Miles,Europe,No;;
22005;5-10 Miles;Pacific;No;;22005,5-10 Miles,Pacific,No;22005,5-10 Miles,Pacific,No;;
14544;0-1 Miles;Europe;No;;14544,0-1 Miles,Europe,No;14544,0-1 Miles,Europe,No;;
14312;5-10 Miles;Pacific;No;;14312,5-10 Miles,Pacific,No;14312,5-10 Miles,Pacific,No;;
29120;2-5 Miles;Pacific;No;;29120,2-5 Miles,Pacific,No;29120,2-5 Miles,Pacific,No;;
24187;0-1 Miles;Europe;Yes;;24187,0-1 Miles,Europe,Yes;24187,0-1 Miles,Europe,Yes;;
15758;5-10 Miles;Pacific;No;;15758,5-10 Miles,Pacific,No;15758,5-10 Miles,Pacific,No;;
29094;5-10 Miles;Pacific;Yes;;29094,5-10 Miles,Pacific,Yes;29094,5-10 Miles,Pacific,Yes;;
28319;0-1 Miles;Pacific;Yes;;28319,0-1 Miles,Pacific,Yes;28319,0-1 Miles,Pacific,Yes;;
16406;0-1 Miles;Europe;Yes;;16406,0-1 Miles,Europe,Yes;16406,0-1 Miles,Europe,Yes;;
20923;0-1 Miles;Europe;Yes;;20923,0-1 Miles,Europe,Yes;20923,0-1 Miles,Europe,Yes;;
11378;2-5 Miles;Europe;Yes;;11378,2-5 Miles,Europe,Yes;11378,2-5 Miles,Europe,Yes;;
20851;2-5 Miles;Europe;Yes;;20851,2-5 Miles,Europe,Yes;20851,2-5 Miles,Europe,Yes;;
21557;10+ Miles;Pacific;Yes;;21557,10+ Miles,Pacific,Yes;21557,10+ Miles,Pacific,Yes;;
26663;0-1 Miles;Pacific;Yes;;26663,0-1 Miles,Pacific,Yes;26663,0-1 Miles,Pacific,Yes;;
11896;2-5 Miles;Pacific;Yes;;11896,2-5 Miles,Pacific,Yes;11896,2-5 Miles,Pacific,Yes;;
14189;2-5 Miles;Europe;Yes;;14189,2-5 Miles,Europe,Yes;14189,2-5 Miles,Europe,Yes;;
13136;5-10 Miles;Pacific;No;;13136,5-10 Miles,Pacific,No;13136,5-10 Miles,Pacific,No;;
25906;1-2 Miles;Pacific;No;;25906,1-2 Miles,Pacific,No;25906,1-2 Miles,Pacific,No;;
17926;0-1 Miles;Pacific;Yes;;17926,0-1 Miles,Pacific,Yes;17926,0-1 Miles,Pacific,Yes;;
26928;0-1 Miles;Europe;Yes;;26928,0-1 Miles,Europe,Yes;26928,0-1 Miles,Europe,Yes;;
20897;0-1 Miles;Europe;No;;20897,0-1 Miles,Europe,No;20897,0-1 Miles,Europe,No;;
28207;0-1 Miles;Pacific;Yes;;28207,0-1 Miles,Pacific,Yes;28207,0-1 Miles,Pacific,Yes;;
25923;5-10 Miles;Pacific;No;;25923,5-10 Miles,Pacific,No;25923,5-10 Miles,Pacific,No;;
11000;1-2 Miles;Pacific;Yes;;11000,1-2 Miles,Pacific,Yes;11000,1-2 Miles,Pacific,Yes;;
20974;0-1 Miles;Europe;No;;20974,0-1 Miles,Europe,No;20974,0-1 Miles,Europe,No;;
28758;1-2 Miles;Europe;Yes;;28758,1-2 Miles,Europe,Yes;28758,1-2 Miles,Europe,Yes;;
11381;2-5 Miles;Europe;Yes;;11381,2-5 Miles,Europe,Yes;11381,2-5 Miles,Europe,Yes;;
17522;2-5 Miles;Pacific;No;;17522,2-5 Miles,Pacific,No;17522,2-5 Miles,Pacific,No;;
21207;5-10 Miles;Pacific;No;;21207,5-10 Miles,Pacific,No;21207,5-10 Miles,Pacific,No;;
28102;5-10 Miles;Pacific;Yes;;28102,5-10 Miles,Pacific,Yes;28102,5-10 Miles,Pacific,Yes;;
23105;5-10 Miles;Pacific;Yes;;23105,5-10 Miles,Pacific,Yes;23105,5-10 Miles,Pacific,Yes;;
18740;0-1 Miles;Pacific;Yes;;18740,0-1 Miles,Pacific,Yes;18740,0-1 Miles,Pacific,Yes;;
21213;5-10 Miles;Pacific;No;;21213,5-10 Miles,Pacific,No;21213,5-10 Miles,Pacific,No;;
17352;5-10 Miles;Pacific;Yes;;17352,5-10 Miles,Pacific,Yes;17352,5-10 Miles,Pacific,Yes;;
14154;0-1 Miles;Europe;Yes;;14154,0-1 Miles,Europe,Yes;14154,0-1 Miles,Europe,Yes;;
19066;10+ Miles;Europe;No;;19066,10+ Miles,Europe,No;19066,10+ Miles,Europe,No;;
11386;0-1 Miles;Europe;No;;11386,0-1 Miles,Europe,No;11386,0-1 Miles,Europe,No;;
20228;2-5 Miles;Pacific;Yes;;20228,2-5 Miles,Pacific,Yes;20228,2-5 Miles,Pacific,Yes;;
16675;0-1 Miles;Pacific;Yes;;16675,0-1 Miles,Pacific,Yes;16675,0-1 Miles,Pacific,Yes;;
16410;0-1 Miles;Europe;Yes;;16410,0-1 Miles,Europe,Yes;16410,0-1 Miles,Europe,Yes;;
27760;0-1 Miles;Europe;Yes;;27760,0-1 Miles,Europe,Yes;27760,0-1 Miles,Europe,Yes;;
22930;1-2 Miles;Pacific;Yes;;22930,1-2 Miles,Pacific,Yes;22930,1-2 Miles,Pacific,Yes;;
23780;0-1 Miles;Europe;Yes;;23780,0-1 Miles,Europe,Yes;23780,0-1 Miles,Europe,Yes;;
20994;0-1 Miles;Pacific;Yes;;20994,0-1 Miles,Pacific,Yes;20994,0-1 Miles,Pacific,Yes;;
28379;0-1 Miles;Europe;No;;28379,0-1 Miles,Europe,No;28379,0-1 Miles,Europe,No;;
14865;1-2 Miles;Europe;No;;14865,1-2 Miles,Europe,No;14865,1-2 Miles,Europe,No;;
12663;10+ Miles;Europe;No;;12663,10+ Miles,Europe,No;12663,10+ Miles,Europe,No;;
24898;10+ Miles;Pacific;No;;24898,10+ Miles,Pacific,No;24898,10+ Miles,Pacific,No;;
19508;0-1 Miles;Europe;No;;19508,0-1 Miles,Europe,No;19508,0-1 Miles,Europe,No;;
11489;1-2 Miles;Europe;Yes;;11489,1-2 Miles,Europe,Yes;11489,1-2 Miles,Europe,Yes;;
18160;5-10 Miles;Europe;Yes;;18160,5-10 Miles,Europe,Yes;18160,5-10 Miles,Europe,Yes;;
25241;5-10 Miles;Pacific;No;;25241,5-10 Miles,Pacific,No;25241,5-10 Miles,Pacific,No;;
24369;0-1 Miles;Pacific;No;;24369,0-1 Miles,Pacific,No;24369,0-1 Miles,Pacific,No;;
27165;0-1 Miles;Europe;No;;27165,0-1 Miles,Europe,No;27165,0-1 Miles,Europe,No;;
29424;0-1 Miles;Europe;No;;29424,0-1 Miles,Europe,No;29424,0-1 Miles,Europe,No;;
15926;5-10 Miles;Europe;Yes;;15926,5-10 Miles,Europe,Yes;15926,5-10 Miles,Europe,Yes;;
14554;0-1 Miles;Europe;No;;14554,0-1 Miles,Europe,No;14554,0-1 Miles,Europe,No;;
16468;2-5 Miles;Europe;No;;16468,2-5 Miles,Europe,No;16468,2-5 Miles,Europe,No;;
19174;2-5 Miles;Europe;Yes;;19174,2-5 Miles,Europe,Yes;19174,2-5 Miles,Europe,Yes;;
19183;1-2 Miles;Europe;No;;19183,1-2 Miles,Europe,No;19183,1-2 Miles,Europe,No;;
13683;2-5 Miles;Europe;No;;13683,2-5 Miles,Europe,No;13683,2-5 Miles,Europe,No;;
17848;2-5 Miles;Europe;Yes;;17848,2-5 Miles,Europe,Yes;17848,2-5 Miles,Europe,Yes;;
17894;0-1 Miles;Europe;Yes;;17894,0-1 Miles,Europe,Yes;17894,0-1 Miles,Europe,Yes;;
25651;0-1 Miles;Europe;Yes;;25651,0-1 Miles,Europe,Yes;25651,0-1 Miles,Europe,Yes;;
22936;0-1 Miles;Pacific;Yes;;22936,0-1 Miles,Pacific,Yes;22936,0-1 Miles,Pacific,Yes;;
23915;0-1 Miles;Europe;No;;23915,0-1 Miles,Europe,No;23915,0-1 Miles,Europe,No;;
24121;0-1 Miles;Europe;Yes;;24121,0-1 Miles,Europe,Yes;24121,0-1 Miles,Europe,Yes;;
27878;0-1 Miles;Pacific;Yes;;27878,0-1 Miles,Pacific,Yes;27878,0-1 Miles,Pacific,Yes;;
13572;0-1 Miles;Europe;Yes;;13572,0-1 Miles,Europe,Yes;13572,0-1 Miles,Europe,Yes;;
27941;2-5 Miles;Europe;No;;27941,2-5 Miles,Europe,No;27941,2-5 Miles,Europe,No;;
26354;0-1 Miles;Europe;Yes;;26354,0-1 Miles,Europe,Yes;26354,0-1 Miles,Europe,Yes;;
14785;1-2 Miles;Europe;No;;14785,1-2 Miles,Europe,No;14785,1-2 Miles,Europe,No;;
17238;10+ Miles;Pacific;No;;17238,10+ Miles,Pacific,No;17238,10+ Miles,Pacific,No;;
23608;0-1 Miles;Europe;Yes;;23608,0-1 Miles,Europe,Yes;23608,0-1 Miles,Europe,Yes;;
22538;1-2 Miles;Europe;No;;22538,1-2 Miles,Europe,No;22538,1-2 Miles,Europe,No;;
12332;5-10 Miles;Europe;Yes;;12332,5-10 Miles,Europe,Yes;12332,5-10 Miles,Europe,Yes;;
17230;10+ Miles;Pacific;No;;17230,10+ Miles,Pacific,No;17230,10+ Miles,Pacific,No;;
13082;2-5 Miles;Pacific;Yes;;13082,2-5 Miles,Pacific,Yes;13082,2-5 Miles,Pacific,Yes;;
22518;0-1 Miles;Europe;Yes;;22518,0-1 Miles,Europe,Yes;22518,0-1 Miles,Europe,Yes;;
13687;0-1 Miles;Europe;Yes;;13687,0-1 Miles,Europe,Yes;13687,0-1 Miles,Europe,Yes;;
23571;0-1 Miles;Pacific;Yes;;23571,0-1 Miles,Pacific,Yes;23571,0-1 Miles,Pacific,Yes;;
19305;0-1 Miles;Europe;Yes;;19305,0-1 Miles,Europe,Yes;19305,0-1 Miles,Europe,Yes;;
22636;0-1 Miles;Europe;Yes;;22636,0-1 Miles,Europe,Yes;22636,0-1 Miles,Europe,Yes;;
17310;0-1 Miles;Pacific;Yes;;17310,0-1 Miles,Pacific,Yes;17310,0-1 Miles,Pacific,Yes;;
12133;5-10 Miles;Europe;Yes;;12133,5-10 Miles,Europe,Yes;12133,5-10 Miles,Europe,Yes;;
25918;5-10 Miles;Pacific;Yes;;25918,5-10 Miles,Pacific,Yes;25918,5-10 Miles,Pacific,Yes;;
25752;0-1 Miles;Europe;Yes;;25752,0-1 Miles,Europe,Yes;25752,0-1 Miles,Europe,Yes;;
17324;10+ Miles;Pacific;No;;17324,10+ Miles,Pacific,No;17324,10+ Miles,Pacific,No;;
22918;0-1 Miles;Pacific;No;;22918,0-1 Miles,Pacific,No;22918,0-1 Miles,Pacific,No;;
12510;0-1 Miles;Europe;Yes;;12510,0-1 Miles,Europe,Yes;12510,0-1 Miles,Europe,Yes;;
25512;2-5 Miles;Europe;No;;25512,2-5 Miles,Europe,No;25512,2-5 Miles,Europe,No;;
16179;1-2 Miles;Pacific;No;;16179,1-2 Miles,Pacific,No;16179,1-2 Miles,Pacific,No;;
15628;0-1 Miles;Europe;No;;15628,0-1 Miles,Europe,No;15628,0-1 Miles,Europe,No;;
20977;0-1 Miles;Europe;Yes;;20977,0-1 Miles,Europe,Yes;20977,0-1 Miles,Europe,Yes;;
18140;5-10 Miles;Europe;Yes;;18140,5-10 Miles,Europe,Yes;18140,5-10 Miles,Europe,Yes;;
20417;5-10 Miles;Pacific;No;;20417,5-10 Miles,Pacific,No;20417,5-10 Miles,Pacific,No;;
18267;5-10 Miles;Pacific;No;;18267,5-10 Miles,Pacific,No;18267,5-10 Miles,Pacific,No;;
13620;10+ Miles;Pacific;Yes;;13620,10+ Miles,Pacific,Yes;13620,10+ Miles,Pacific,Yes;;
22974;5-10 Miles;Pacific;No;;22974,5-10 Miles,Pacific,No;22974,5-10 Miles,Pacific,No;;
13586;10+ Miles;Europe;No;;13586,10+ Miles,Europe,No;13586,10+ Miles,Europe,No;;
17978;0-1 Miles;Europe;Yes;;17978,0-1 Miles,Europe,Yes;17978,0-1 Miles,Europe,Yes;;
12581;0-1 Miles;Pacific;Yes;;12581,0-1 Miles,Pacific,Yes;12581,0-1 Miles,Pacific,Yes;;
18018;0-1 Miles;Europe;No;;18018,0-1 Miles,Europe,No;18018,0-1 Miles,Europe,No;;
28957;10+ Miles;Pacific;Yes;;28957,10+ Miles,Pacific,Yes;28957,10+ Miles,Pacific,Yes;;
13690;1-2 Miles;Europe;Yes;;13690,1-2 Miles,Europe,Yes;13690,1-2 Miles,Europe,Yes;;
12568;0-1 Miles;Europe;No;;12568,0-1 Miles,Europe,No;12568,0-1 Miles,Europe,No;;
13122;1-2 Miles;Pacific;Yes;;13122,1-2 Miles,Pacific,Yes;13122,1-2 Miles,Pacific,Yes;;
21184;5-10 Miles;Pacific;No;;21184,5-10 Miles,Pacific,No;21184,5-10 Miles,Pacific,No;;
26150;0-1 Miles;Pacific;Yes;;26150,0-1 Miles,Pacific,Yes;26150,0-1 Miles,Pacific,Yes;;
24151;0-1 Miles;Europe;No;;24151,0-1 Miles,Europe,No;24151,0-1 Miles,Europe,No;;
23962;1-2 Miles;Europe;No;;23962,1-2 Miles,Europe,No;23962,1-2 Miles,Europe,No;;
17793;0-1 Miles;Europe;Yes;;17793,0-1 Miles,Europe,Yes;17793,0-1 Miles,Europe,Yes;;
14926;0-1 Miles;Europe;Yes;;14926,0-1 Miles,Europe,Yes;14926,0-1 Miles,Europe,Yes;;
16163;2-5 Miles;Pacific;Yes;;16163,2-5 Miles,Pacific,Yes;16163,2-5 Miles,Pacific,Yes;;
21365;5-10 Miles;Pacific;No;;21365,5-10 Miles,Pacific,No;21365,5-10 Miles,Pacific,No;;
27771;1-2 Miles;Europe;Yes;;27771,1-2 Miles,Europe,Yes;27771,1-2 Miles,Europe,Yes;;
26167;5-10 Miles;Pacific;Yes;;26167,5-10 Miles,Pacific,Yes;26167,5-10 Miles,Pacific,Yes;;
25792;10+ Miles;Europe;No;;25792,10+ Miles,Europe,No;25792,10+ Miles,Europe,No;;
11555;0-1 Miles;Europe;No;;11555,0-1 Miles,Europe,No;11555,0-1 Miles,Europe,No;;
22381;0-1 Miles;Europe;No;;22381,0-1 Miles,Europe,No;22381,0-1 Miles,Europe,No;;
17882;0-1 Miles;Europe;No;;17882,0-1 Miles,Europe,No;17882,0-1 Miles,Europe,No;;
22174;5-10 Miles;Pacific;Yes;;22174,5-10 Miles,Pacific,Yes;22174,5-10 Miles,Pacific,Yes;;
22439;0-1 Miles;Europe;Yes;;22439,0-1 Miles,Europe,Yes;22439,0-1 Miles,Europe,Yes;;
18012;0-1 Miles;Europe;No;;18012,0-1 Miles,Europe,No;18012,0-1 Miles,Europe,No;;
27582;0-1 Miles;Pacific;Yes;;27582,0-1 Miles,Pacific,Yes;27582,0-1 Miles,Pacific,Yes;;
12744;0-1 Miles;Europe;No;;12744,0-1 Miles,Europe,No;12744,0-1 Miles,Europe,No;;
22821;0-1 Miles;Europe;No;;22821,0-1 Miles,Europe,No;22821,0-1 Miles,Europe,No;;
20171;0-1 Miles;Europe;Yes;;20171,0-1 Miles,Europe,Yes;20171,0-1 Miles,Europe,Yes;;
11116;5-10 Miles;Pacific;No;;11116,5-10 Miles,Pacific,No;11116,5-10 Miles,Pacific,No;;
20053;0-1 Miles;Europe;No;;20053,0-1 Miles,Europe,No;20053,0-1 Miles,Europe,No;;
25266;5-10 Miles;Pacific;No;;25266,5-10 Miles,Pacific,No;25266,5-10 Miles,Pacific,No;;
17960;0-1 Miles;Europe;Yes;;17960,0-1 Miles,Europe,Yes;17960,0-1 Miles,Europe,Yes;;
13961;0-1 Miles;Pacific;No;;13961,0-1 Miles,Pacific,No;13961,0-1 Miles,Pacific,No;;
11897;0-1 Miles;Pacific;Yes;;11897,0-1 Miles,Pacific,Yes;11897,0-1 Miles,Pacific,Yes;;
11139;5-10 Miles;Pacific;No;;11139,5-10 Miles,Pacific,No;11139,5-10 Miles,Pacific,No;;
11576;0-1 Miles;Europe;Yes;;11576,0-1 Miles,Europe,Yes;11576,0-1 Miles,Europe,Yes;;
19255;0-1 Miles;Europe;Yes;;19255,0-1 Miles,Europe,Yes;19255,0-1 Miles,Europe,Yes;;
18153;10+ Miles;Europe;No;;18153,10+ Miles,Europe,No;18153,10+ Miles,Europe,No;;
14547;1-2 Miles;Europe;No;;14547,1-2 Miles,Europe,No;14547,1-2 Miles,Europe,No;;
24901;10+ Miles;Pacific;Yes;;24901,10+ Miles,Pacific,Yes;24901,10+ Miles,Pacific,Yes;;
27169;2-5 Miles;Europe;Yes;;27169,2-5 Miles,Europe,Yes;27169,2-5 Miles,Europe,Yes;;
14805;0-1 Miles;Europe;No;;14805,0-1 Miles,Europe,No;14805,0-1 Miles,Europe,No;;
15822;0-1 Miles;Pacific;No;;15822,0-1 Miles,Pacific,No;15822,0-1 Miles,Pacific,No;;
19389;2-5 Miles;Europe;No;;19389,2-5 Miles,Europe,No;19389,2-5 Miles,Europe,No;;
17048;0-1 Miles;Pacific;Yes;;17048,0-1 Miles,Pacific,Yes;17048,0-1 Miles,Pacific,Yes;;
22204;2-5 Miles;Pacific;No;;22204,2-5 Miles,Pacific,No;22204,2-5 Miles,Pacific,No;;
12718;2-5 Miles;Europe;No;;12718,2-5 Miles,Europe,No;12718,2-5 Miles,Europe,No;;
15019;5-10 Miles;Pacific;No;;15019,5-10 Miles,Pacific,No;15019,5-10 Miles,Pacific,No;;
28488;0-1 Miles;Pacific;Yes;;28488,0-1 Miles,Pacific,Yes;28488,0-1 Miles,Pacific,Yes;;
21891;10+ Miles;Pacific;Yes;;21891,10+ Miles,Pacific,Yes;21891,10+ Miles,Pacific,Yes;;
27814;0-1 Miles;Europe;No;;27814,0-1 Miles,Europe,No;27814,0-1 Miles,Europe,No;;
22175;5-10 Miles;Pacific;Yes;;22175,5-10 Miles,Pacific,Yes;22175,5-10 Miles,Pacific,Yes;;
29447;2-5 Miles;Europe;No;;29447,2-5 Miles,Europe,No;29447,2-5 Miles,Europe,No;;
19784;5-10 Miles;Pacific;Yes;;19784,5-10 Miles,Pacific,Yes;19784,5-10 Miles,Pacific,Yes;;
27824;0-1 Miles;Europe;Yes;;27824,0-1 Miles,Europe,Yes;27824,0-1 Miles,Europe,Yes;;
24093;0-1 Miles;Europe;Yes;;24093,0-1 Miles,Europe,Yes;24093,0-1 Miles,Europe,Yes;;
19618;0-1 Miles;Pacific;No;;19618,0-1 Miles,Pacific,No;19618,0-1 Miles,Pacific,No;;
21561;10+ Miles;Pacific;Yes;;21561,10+ Miles,Pacific,Yes;21561,10+ Miles,Pacific,Yes;;
11061;5-10 Miles;Pacific;Yes;;11061,5-10 Miles,Pacific,Yes;11061,5-10 Miles,Pacific,Yes;;
26651;0-1 Miles;Pacific;Yes;;26651,0-1 Miles,Pacific,Yes;26651,0-1 Miles,Pacific,Yes;;
21108;0-1 Miles;Europe;Yes;;21108,0-1 Miles,Europe,Yes;21108,0-1 Miles,Europe,Yes;;
12731;1-2 Miles;Europe;No;;12731,1-2 Miles,Europe,No;12731,1-2 Miles,Europe,No;;
25307;1-2 Miles;Europe;Yes;;25307,1-2 Miles,Europe,Yes;25307,1-2 Miles,Europe,Yes;;
14278;10+ Miles;Pacific;No;;14278,10+ Miles,Pacific,No;14278,10+ Miles,Pacific,No;;
20711;1-2 Miles;Europe;Yes;;20711,1-2 Miles,Europe,Yes;20711,1-2 Miles,Europe,Yes;;
11383;0-1 Miles;Europe;No;;11383,0-1 Miles,Europe,No;11383,0-1 Miles,Europe,No;;
12497;0-1 Miles;Europe;No;;12497,0-1 Miles,Europe,No;12497,0-1 Miles,Europe,No;;
16559;0-1 Miles;Europe;Yes;;16559,0-1 Miles,Europe,Yes;16559,0-1 Miles,Europe,Yes;;
11585;0-1 Miles;Europe;No;;11585,0-1 Miles,Europe,No;11585,0-1 Miles,Europe,No;;
20277;0-1 Miles;Pacific;No;;20277,0-1 Miles,Pacific,No;20277,0-1 Miles,Pacific,No;;
26765;5-10 Miles;Pacific;No;;26765,5-10 Miles,Pacific,No;26765,5-10 Miles,Pacific,No;;
12389;2-5 Miles;Europe;No;;12389,2-5 Miles,Europe,No;12389,2-5 Miles,Europe,No;;
13585;2-5 Miles;Europe;Yes;;13585,2-5 Miles,Europe,Yes;13585,2-5 Miles,Europe,Yes;;
26385;5-10 Miles;Europe;No;;26385,5-10 Miles,Europe,No;26385,5-10 Miles,Europe,No;;
12236;0-1 Miles;Europe;No;;12236,0-1 Miles,Europe,No;12236,0-1 Miles,Europe,No;;
21560;10+ Miles;Pacific;Yes;;21560,10+ Miles,Pacific,Yes;21560,10+ Miles,Pacific,Yes;;
21554;10+ Miles;Pacific;No;;21554,10+ Miles,Pacific,No;21554,10+ Miles,Pacific,No;;
13662;1-2 Miles;Europe;Yes;;13662,1-2 Miles,Europe,Yes;13662,1-2 Miles,Europe,Yes;;
13089;0-1 Miles;Pacific;Yes;;13089,0-1 Miles,Pacific,Yes;13089,0-1 Miles,Pacific,Yes;;
14791;0-1 Miles;Europe;Yes;;14791,0-1 Miles,Europe,Yes;14791,0-1 Miles,Europe,Yes;;
19331;0-1 Miles;Europe;No;;19331,0-1 Miles,Europe,No;19331,0-1 Miles,Europe,No;;
17754;0-1 Miles;Europe;Yes;;17754,0-1 Miles,Europe,Yes;17754,0-1 Miles,Europe,Yes;;
11149;0-1 Miles;Pacific;No;;11149,0-1 Miles,Pacific,No;11149,0-1 Miles,Pacific,No;;
16549;0-1 Miles;Europe;Yes;;16549,0-1 Miles,Europe,Yes;16549,0-1 Miles,Europe,Yes;;
24305;0-1 Miles;Pacific;Yes;;24305,0-1 Miles,Pacific,Yes;24305,0-1 Miles,Pacific,Yes;;
18253;0-1 Miles;Pacific;No;;18253,0-1 Miles,Pacific,No;18253,0-1 Miles,Pacific,No;;
20147;0-1 Miles;Europe;No;;20147,0-1 Miles,Europe,No;20147,0-1 Miles,Europe,No;;
15612;1-2 Miles;Europe;No;;15612,1-2 Miles,Europe,No;15612,1-2 Miles,Europe,No;;
28323;5-10 Miles;Pacific;Yes;;28323,5-10 Miles,Pacific,Yes;28323,5-10 Miles,Pacific,Yes;;
22634;0-1 Miles;Europe;Yes;;22634,0-1 Miles,Europe,Yes;22634,0-1 Miles,Europe,Yes;;
15665;0-1 Miles;Europe;Yes;;15665,0-1 Miles,Europe,Yes;15665,0-1 Miles,Europe,Yes;;
27585;0-1 Miles;Pacific;Yes;;27585,0-1 Miles,Pacific,Yes;27585,0-1 Miles,Pacific,Yes;;
19748;1-2 Miles;Pacific;No;;19748,1-2 Miles,Pacific,No;19748,1-2 Miles,Pacific,No;;
21974;5-10 Miles;Pacific;Yes;;21974,5-10 Miles,Pacific,Yes;21974,5-10 Miles,Pacific,Yes;;
14032;1-2 Miles;Pacific;Yes;;14032,1-2 Miles,Pacific,Yes;14032,1-2 Miles,Pacific,Yes;;
22610;0-1 Miles;Europe;Yes;;22610,0-1 Miles,Europe,Yes;22610,0-1 Miles,Europe,Yes;;
26984;0-1 Miles;Europe;Yes;;26984,0-1 Miles,Europe,Yes;26984,0-1 Miles,Europe,Yes;;
18294;5-10 Miles;Pacific;No;;18294,5-10 Miles,Pacific,No;18294,5-10 Miles,Pacific,No;;
28564;1-2 Miles;Europe;Yes;;28564,1-2 Miles,Europe,Yes;28564,1-2 Miles,Europe,Yes;;
28521;0-1 Miles;Europe;Yes;;28521,0-1 Miles,Europe,Yes;28521,0-1 Miles,Europe,Yes;;
15450;0-1 Miles;Europe;No;;15450,0-1 Miles,Europe,No;15450,0-1 Miles,Europe,No;;
25681;2-5 Miles;Europe;Yes;;25681,2-5 Miles,Europe,Yes;25681,2-5 Miles,Europe,Yes;;
19491;0-1 Miles;Europe;No;;19491,0-1 Miles,Europe,No;19491,0-1 Miles,Europe,No;;
26415;10+ Miles;Europe;No;;26415,10+ Miles,Europe,No;26415,10+ Miles,Europe,No;;
12821;0-1 Miles;Europe;No;;12821,0-1 Miles,Europe,No;12821,0-1 Miles,Europe,No;;
15629;1-2 Miles;Europe;No;;15629,1-2 Miles,Europe,No;15629,1-2 Miles,Europe,No;;
27835;0-1 Miles;Europe;No;;27835,0-1 Miles,Europe,No;27835,0-1 Miles,Europe,No;;
11738;2-5 Miles;North America;No;;11738,2-5 Miles,North America,No;11738,2-5 Miles,North America,No;;
25065;5-10 Miles;North America;No;;25065,5-10 Miles,North America,No;25065,5-10 Miles,North America,No;;
26238;1-2 Miles;North America;Yes;;26238,1-2 Miles,North America,Yes;26238,1-2 Miles,North America,Yes;;
23707;10+ Miles;North America;Yes;;23707,10+ Miles,North America,Yes;23707,10+ Miles,North America,Yes;;
27650;5-10 Miles;North America;No;;27650,5-10 Miles,North America,No;27650,5-10 Miles,North America,No;;
24981;10+ Miles;North America;No;;24981,10+ Miles,North America,No;24981,10+ Miles,North America,No;;
20678;2-5 Miles;North America;Yes;;20678,2-5 Miles,North America,Yes;20678,2-5 Miles,North America,Yes;;
15302;2-5 Miles;North America;Yes;;15302,2-5 Miles,North America,Yes;15302,2-5 Miles,North America,Yes;;
26012;2-5 Miles;North America;Yes;;26012,2-5 Miles,North America,Yes;26012,2-5 Miles,North America,Yes;;
26575;1-2 Miles;North America;Yes;;26575,1-2 Miles,North America,Yes;26575,1-2 Miles,North America,Yes;;
15559;2-5 Miles;North America;No;;15559,2-5 Miles,North America,No;15559,2-5 Miles,North America,No;;
19235;0-1 Miles;North America;No;;19235,0-1 Miles,North America,No;19235,0-1 Miles,North America,No;;
15275;5-10 Miles;North America;No;;15275,5-10 Miles,North America,No;15275,5-10 Miles,North America,No;;
20339;2-5 Miles;North America;Yes;;20339,2-5 Miles,North America,Yes;20339,2-5 Miles,North America,Yes;;
25405;2-5 Miles;North America;Yes;;25405,2-5 Miles,North America,Yes;25405,2-5 Miles,North America,Yes;;
15940;0-1 Miles;North America;No;;15940,0-1 Miles,North America,No;15940,0-1 Miles,North America,No;;
25074;2-5 Miles;North America;Yes;;25074,2-5 Miles,North America,Yes;25074,2-5 Miles,North America,Yes;;
24738;1-2 Miles;North America;Yes;;24738,1-2 Miles,North America,Yes;24738,1-2 Miles,North America,Yes;;
16337;1-2 Miles;North America;No;;16337,1-2 Miles,North America,No;16337,1-2 Miles,North America,No;;
24357;2-5 Miles;North America;Yes;;24357,2-5 Miles,North America,Yes;24357,2-5 Miles,North America,Yes;;
18613;2-5 Miles;North America;Yes;;18613,2-5 Miles,North America,Yes;18613,2-5 Miles,North America,Yes;;
12207;5-10 Miles;North America;Yes;;12207,5-10 Miles,North America,Yes;12207,5-10 Miles,North America,Yes;;
18052;0-1 Miles;North America;Yes;;18052,0-1 Miles,North America,Yes;18052,0-1 Miles,North America,Yes;;
13353;10+ Miles;North America;Yes;;13353,10+ Miles,North America,Yes;13353,10+ Miles,North America,Yes;;
19399;2-5 Miles;North America;No;;19399,2-5 Miles,North America,No;19399,2-5 Miles,North America,No;;
16154;2-5 Miles;North America;No;;16154,2-5 Miles,North America,No;16154,2-5 Miles,North America,No;;
22219;5-10 Miles;North America;No;;22219,5-10 Miles,North America,No;22219,5-10 Miles,North America,No;;
17269;0-1 Miles;North America;Yes;;17269,0-1 Miles,North America,Yes;17269,0-1 Miles,North America,Yes;;
23586;1-2 Miles;North America;Yes;;23586,1-2 Miles,North America,Yes;23586,1-2 Miles,North America,Yes;;
15740;1-2 Miles;North America;No;;15740,1-2 Miles,North America,No;15740,1-2 Miles,North America,No;;
27638;1-2 Miles;North America;No;;27638,1-2 Miles,North America,No;27638,1-2 Miles,North America,No;;
18976;10+ Miles;North America;Yes;;18976,10+ Miles,North America,Yes;18976,10+ Miles,North America,Yes;;
19413;0-1 Miles;North America;Yes;;19413,0-1 Miles,North America,Yes;19413,0-1 Miles,North America,Yes;;
13283;0-1 Miles;North America;Yes;;13283,0-1 Miles,North America,Yes;13283,0-1 Miles,North America,Yes;;
17471;5-10 Miles;North America;No;;17471,5-10 Miles,North America,No;17471,5-10 Miles,North America,No;;
16791;10+ Miles;North America;Yes;;16791,10+ Miles,North America,Yes;16791,10+ Miles,North America,Yes;;
15382;1-2 Miles;North America;No;;15382,1-2 Miles,North America,No;15382,1-2 Miles,North America,No;;
11641;0-1 Miles;North America;No;;11641,0-1 Miles,North America,No;11641,0-1 Miles,North America,No;;
11935;5-10 Miles;North America;No;;11935,5-10 Miles,North America,No;11935,5-10 Miles,North America,No;;
13233;10+ Miles;North America;Yes;;13233,10+ Miles,North America,Yes;13233,10+ Miles,North America,Yes;;
25909;5-10 Miles;North America;Yes;;25909,5-10 Miles,North America,Yes;25909,5-10 Miles,North America,Yes;;
14092;5-10 Miles;North America;No;;14092,5-10 Miles,North America,No;14092,5-10 Miles,North America,No;;
29143;0-1 Miles;North America;Yes;;29143,0-1 Miles,North America,Yes;29143,0-1 Miles,North America,Yes;;
24941;10+ Miles;North America;No;;24941,10+ Miles,North America,No;24941,10+ Miles,North America,No;;
24637;10+ Miles;North America;No;;24637,10+ Miles,North America,No;24637,10+ Miles,North America,No;;
23893;10+ Miles;North America;No;;23893,10+ Miles,North America,No;23893,10+ Miles,North America,No;;
13907;0-1 Miles;North America;Yes;;13907,0-1 Miles,North America,Yes;13907,0-1 Miles,North America,Yes;;
14900;1-2 Miles;North America;Yes;;14900,1-2 Miles,North America,Yes;14900,1-2 Miles,North America,Yes;;
11262;0-1 Miles;North America;No;;11262,0-1 Miles,North America,No;11262,0-1 Miles,North America,No;;
22294;2-5 Miles;North America;Yes;;22294,2-5 Miles,North America,Yes;22294,2-5 Miles,North America,Yes;;
12195;1-2 Miles;North America;No;;12195,1-2 Miles,North America,No;12195,1-2 Miles,North America,No;;
25375;1-2 Miles;North America;No;;25375,1-2 Miles,North America,No;25375,1-2 Miles,North America,No;;
11143;5-10 Miles;North America;No;;11143,5-10 Miles,North America,No;11143,5-10 Miles,North America,No;;
25898;2-5 Miles;North America;No;;25898,2-5 Miles,North America,No;25898,2-5 Miles,North America,No;;
24397;1-2 Miles;North America;No;;24397,1-2 Miles,North America,No;24397,1-2 Miles,North America,No;;
19758;1-2 Miles;North America;No;;19758,1-2 Miles,North America,No;19758,1-2 Miles,North America,No;;
15529;2-5 Miles;North America;Yes;;15529,2-5 Miles,North America,Yes;15529,2-5 Miles,North America,Yes;;
19884;2-5 Miles;North America;Yes;;19884,2-5 Miles,North America,Yes;19884,2-5 Miles,North America,Yes;;
18674;0-1 Miles;North America;No;;18674,0-1 Miles,North America,No;18674,0-1 Miles,North America,No;;
13453;0-1 Miles;North America;Yes;;13453,0-1 Miles,North America,Yes;13453,0-1 Miles,North America,Yes;;
14063;0-1 Miles;Pacific;Yes;;14063,0-1 Miles,Pacific,Yes;14063,0-1 Miles,Pacific,Yes;;
27393;10+ Miles;North America;No;;27393,10+ Miles,North America,No;27393,10+ Miles,North America,No;;
14417;10+ Miles;North America;Yes;;14417,10+ Miles,North America,Yes;14417,10+ Miles,North America,Yes;;
17533;5-10 Miles;North America;Yes;;17533,5-10 Miles,North America,Yes;17533,5-10 Miles,North America,Yes;;
18580;2-5 Miles;North America;Yes;;18580,2-5 Miles,North America,Yes;18580,2-5 Miles,North America,Yes;;
17025;2-5 Miles;North America;Yes;;17025,2-5 Miles,North America,Yes;17025,2-5 Miles,North America,Yes;;
25293;1-2 Miles;North America;No;;25293,1-2 Miles,North America,No;25293,1-2 Miles,North America,No;;
24725;1-2 Miles;North America;No;;24725,1-2 Miles,North America,No;24725,1-2 Miles,North America,No;;
23200;0-1 Miles;North America;No;;23200,0-1 Miles,North America,No;23200,0-1 Miles,North America,No;;
15895;10+ Miles;North America;No;;15895,10+ Miles,North America,No;15895,10+ Miles,North America,No;;
18577;0-1 Miles;North America;No;;18577,0-1 Miles,North America,No;18577,0-1 Miles,North America,No;;
27218;0-1 Miles;North America;No;;27218,0-1 Miles,North America,No;27218,0-1 Miles,North America,No;;
18560;2-5 Miles;North America;Yes;;18560,2-5 Miles,North America,Yes;18560,2-5 Miles,North America,Yes;;
25006;5-10 Miles;North America;No;;25006,5-10 Miles,North America,No;25006,5-10 Miles,North America,No;;
17369;5-10 Miles;North America;No;;17369,5-10 Miles,North America,No;17369,5-10 Miles,North America,No;;
14495;5-10 Miles;North America;Yes;;14495,5-10 Miles,North America,Yes;14495,5-10 Miles,North America,Yes;;
18847;5-10 Miles;North America;No;;18847,5-10 Miles,North America,No;18847,5-10 Miles,North America,No;;
14754;1-2 Miles;North America;Yes;;14754,1-2 Miles,North America,Yes;14754,1-2 Miles,North America,Yes;;
23378;2-5 Miles;North America;Yes;;23378,2-5 Miles,North America,Yes;23378,2-5 Miles,North America,Yes;;
26452;10+ Miles;North America;No;;26452,10+ Miles,North America,No;26452,10+ Miles,North America,No;;
20370;5-10 Miles;North America;No;;20370,5-10 Miles,North America,No;20370,5-10 Miles,North America,No;;
20528;2-5 Miles;North America;No;;20528,2-5 Miles,North America,No;20528,2-5 Miles,North America,No;;
23549;5-10 Miles;North America;No;;23549,5-10 Miles,North America,No;23549,5-10 Miles,North America,No;;
21751;1-2 Miles;North America;No;;21751,1-2 Miles,North America,No;21751,1-2 Miles,North America,No;;
21266;1-2 Miles;North America;Yes;;21266,1-2 Miles,North America,Yes;21266,1-2 Miles,North America,Yes;;
13388;10+ Miles;North America;No;;13388,10+ Miles,North America,No;13388,10+ Miles,North America,No;;
18752;5-10 Miles;North America;No;;18752,5-10 Miles,North America,No;18752,5-10 Miles,North America,No;;
16917;0-1 Miles;North America;No;;16917,0-1 Miles,North America,No;16917,0-1 Miles,North America,No;;
15313;2-5 Miles;North America;No;;15313,2-5 Miles,North America,No;15313,2-5 Miles,North America,No;;
25329;0-1 Miles;North America;No;;25329,0-1 Miles,North America,No;25329,0-1 Miles,North America,No;;
20380;10+ Miles;North America;No;;20380,10+ Miles,North America,No;20380,10+ Miles,North America,No;;
23089;5-10 Miles;North America;No;;23089,5-10 Miles,North America,No;23089,5-10 Miles,North America,No;;
13749;1-2 Miles;North America;No;;13749,1-2 Miles,North America,No;13749,1-2 Miles,North America,No;;
24943;10+ Miles;North America;No;;24943,10+ Miles,North America,No;24943,10+ Miles,North America,No;;
28667;0-1 Miles;North America;Yes;;28667,0-1 Miles,North America,Yes;28667,0-1 Miles,North America,Yes;;
15194;0-1 Miles;North America;Yes;;15194,0-1 Miles,North America,Yes;15194,0-1 Miles,North America,Yes;;
17436;1-2 Miles;North America;No;;17436,1-2 Miles,North America,No;17436,1-2 Miles,North America,No;;
18935;1-2 Miles;North America;No;;18935,1-2 Miles,North America,No;18935,1-2 Miles,North America,No;;
16871;10+ Miles;North America;Yes;;16871,10+ Miles,North America,Yes;16871,10+ Miles,North America,Yes;;
12100;10+ Miles;North America;No;;12100,10+ Miles,North America,No;12100,10+ Miles,North America,No;;
23158;0-1 Miles;North America;Yes;;23158,0-1 Miles,North America,Yes;23158,0-1 Miles,North America,Yes;;
18545;10+ Miles;North America;Yes;;18545,10+ Miles,North America,Yes;18545,10+ Miles,North America,Yes;;
18391;5-10 Miles;North America;No;;18391,5-10 Miles,North America,No;18391,5-10 Miles,North America,No;;
19812;5-10 Miles;North America;Yes;;19812,5-10 Miles,North America,Yes;19812,5-10 Miles,North America,Yes;;
27660;5-10 Miles;North America;No;;27660,5-10 Miles,North America,No;27660,5-10 Miles,North America,No;;
18058;2-5 Miles;North America;No;;18058,2-5 Miles,North America,No;18058,2-5 Miles,North America,No;;
20343;1-2 Miles;North America;No;;20343,1-2 Miles,North America,No;20343,1-2 Miles,North America,No;;
28997;2-5 Miles;North America;Yes;;28997,2-5 Miles,North America,Yes;28997,2-5 Miles,North America,Yes;;
24398;0-1 Miles;North America;No;;24398,0-1 Miles,North America,No;24398,0-1 Miles,North America,No;;
19002;2-5 Miles;North America;Yes;;19002,2-5 Miles,North America,Yes;19002,2-5 Miles,North America,Yes;;
28609;0-1 Miles;North America;No;;28609,0-1 Miles,North America,No;28609,0-1 Miles,North America,No;;
29231;0-1 Miles;North America;No;;29231,0-1 Miles,North America,No;29231,0-1 Miles,North America,No;;
18858;5-10 Miles;North America;Yes;;18858,5-10 Miles,North America,Yes;18858,5-10 Miles,North America,Yes;;
20000;0-1 Miles;North America;Yes;;20000,0-1 Miles,North America,Yes;20000,0-1 Miles,North America,Yes;;
25261;5-10 Miles;North America;No;;25261,5-10 Miles,North America,No;25261,5-10 Miles,North America,No;;
17458;5-10 Miles;North America;Yes;;17458,5-10 Miles,North America,Yes;17458,5-10 Miles,North America,Yes;;
11644;2-5 Miles;North America;No;;11644,2-5 Miles,North America,No;11644,2-5 Miles,North America,No;;
16145;10+ Miles;North America;Yes;;16145,10+ Miles,North America,Yes;16145,10+ Miles,North America,Yes;;
16890;5-10 Miles;North America;Yes;;16890,5-10 Miles,North America,Yes;16890,5-10 Miles,North America,Yes;;
25983;0-1 Miles;North America;No;;25983,0-1 Miles,North America,No;25983,0-1 Miles,North America,No;;
14633;2-5 Miles;North America;No;;14633,2-5 Miles,North America,No;14633,2-5 Miles,North America,No;;
22994;1-2 Miles;North America;Yes;;22994,1-2 Miles,North America,Yes;22994,1-2 Miles,North America,Yes;;
22983;5-10 Miles;North America;No;;22983,5-10 Miles,North America,No;22983,5-10 Miles,North America,No;;
25184;5-10 Miles;North America;Yes;;25184,5-10 Miles,North America,Yes;25184,5-10 Miles,North America,Yes;;
14469;1-2 Miles;North America;No;;14469,1-2 Miles,North America,No;14469,1-2 Miles,North America,No;;
11538;0-1 Miles;North America;Yes;;11538,0-1 Miles,North America,Yes;11538,0-1 Miles,North America,Yes;;
16245;1-2 Miles;North America;No;;16245,1-2 Miles,North America,No;16245,1-2 Miles,North America,No;;
17858;2-5 Miles;North America;Yes;;17858,2-5 Miles,North America,Yes;17858,2-5 Miles,North America,Yes;;
25347;0-1 Miles;North America;No;;25347,0-1 Miles,North America,No;25347,0-1 Miles,North America,No;;
15814;5-10 Miles;North America;No;;15814,5-10 Miles,North America,No;15814,5-10 Miles,North America,No;;
11259;2-5 Miles;North America;Yes;;11259,2-5 Miles,North America,Yes;11259,2-5 Miles,North America,Yes;;
11200;1-2 Miles;North America;No;;11200,1-2 Miles,North America,No;11200,1-2 Miles,North America,No;;
25101;2-5 Miles;North America;No;;25101,2-5 Miles,North America,No;25101,2-5 Miles,North America,No;;
21801;1-2 Miles;North America;No;;21801,1-2 Miles,North America,No;21801,1-2 Miles,North America,No;;
25943;0-1 Miles;North America;Yes;;25943,0-1 Miles,North America,Yes;25943,0-1 Miles,North America,Yes;;
22127;1-2 Miles;North America;No;;22127,1-2 Miles,North America,No;22127,1-2 Miles,North America,No;;
20414;5-10 Miles;North America;No;;20414,5-10 Miles,North America,No;20414,5-10 Miles,North America,No;;
23672;1-2 Miles;North America;No;;23672,1-2 Miles,North America,No;23672,1-2 Miles,North America,No;;
29255;1-2 Miles;North America;Yes;;29255,1-2 Miles,North America,Yes;29255,1-2 Miles,North America,Yes;;
28815;0-1 Miles;North America;No;;28815,0-1 Miles,North America,No;28815,0-1 Miles,North America,No;;
27753;1-2 Miles;North America;No;;27753,1-2 Miles,North America,No;27753,1-2 Miles,North America,No;;
27643;2-5 Miles;North America;No;;27643,2-5 Miles,North America,No;27643,2-5 Miles,North America,No;;
13754;1-2 Miles;North America;No;;13754,1-2 Miles,North America,No;13754,1-2 Miles,North America,No;;
22088;0-1 Miles;North America;Yes;;22088,0-1 Miles,North America,Yes;22088,0-1 Miles,North America,Yes;;
27388;1-2 Miles;North America;No;;27388,1-2 Miles,North America,No;27388,1-2 Miles,North America,No;;
24745;0-1 Miles;North America;No;;24745,0-1 Miles,North America,No;24745,0-1 Miles,North America,No;;
29237;5-10 Miles;North America;Yes;;29237,5-10 Miles,North America,Yes;29237,5-10 Miles,North America,Yes;;
15272;1-2 Miles;North America;No;;15272,1-2 Miles,North America,No;15272,1-2 Miles,North America,No;;
18949;5-10 Miles;North America;Yes;;18949,5-10 Miles,North America,Yes;18949,5-10 Miles,North America,Yes;;
14507;1-2 Miles;North America;No;;14507,1-2 Miles,North America,No;14507,1-2 Miles,North America,No;;
25886;2-5 Miles;North America;Yes;;25886,2-5 Miles,North America,Yes;25886,2-5 Miles,North America,Yes;;
21441;10+ Miles;North America;No;;21441,10+ Miles,North America,No;21441,10+ Miles,North America,No;;
21741;5-10 Miles;North America;Yes;;21741,5-10 Miles,North America,Yes;21741,5-10 Miles,North America,Yes;;
14572;2-5 Miles;North America;Yes;;14572,2-5 Miles,North America,Yes;14572,2-5 Miles,North America,Yes;;
23368;10+ Miles;North America;No;;23368,10+ Miles,North America,No;23368,10+ Miles,North America,No;;
16217;0-1 Miles;North America;No;;16217,0-1 Miles,North America,No;16217,0-1 Miles,North America,No;;
16247;1-2 Miles;North America;No;;16247,1-2 Miles,North America,No;16247,1-2 Miles,North America,No;;
22010;5-10 Miles;North America;No;;22010,5-10 Miles,North America,No;22010,5-10 Miles,North America,No;;
25872;2-5 Miles;North America;Yes;;25872,2-5 Miles,North America,Yes;25872,2-5 Miles,North America,Yes;;
19164;2-5 Miles;North America;Yes;;19164,2-5 Miles,North America,Yes;19164,2-5 Miles,North America,Yes;;
18435;10+ Miles;North America;Yes;;18435,10+ Miles,North America,Yes;18435,10+ Miles,North America,Yes;;
14284;1-2 Miles;North America;Yes;;14284,1-2 Miles,North America,Yes;14284,1-2 Miles,North America,Yes;;
11287;5-10 Miles;North America;No;;11287,5-10 Miles,North America,No;11287,5-10 Miles,North America,No;;
13066;1-2 Miles;North America;Yes;;13066,1-2 Miles,North America,Yes;13066,1-2 Miles,North America,Yes;;
29106;1-2 Miles;North America;Yes;;29106,1-2 Miles,North America,Yes;29106,1-2 Miles,North America,Yes;;
26236;0-1 Miles;North America;No;;26236,0-1 Miles,North America,No;26236,0-1 Miles,North America,No;;
17531;5-10 Miles;North America;No;;17531,5-10 Miles,North America,No;17531,5-10 Miles,North America,No;;
12964;0-1 Miles;North America;No;;12964,0-1 Miles,North America,No;12964,0-1 Miles,North America,No;;
19133;2-5 Miles;North America;Yes;;19133,2-5 Miles,North America,Yes;19133,2-5 Miles,North America,Yes;;
24643;10+ Miles;North America;No;;24643,10+ Miles,North America,No;24643,10+ Miles,North America,No;;
21599;2-5 Miles;North America;Yes;;21599,2-5 Miles,North America,Yes;21599,2-5 Miles,North America,Yes;;
22976;0-1 Miles;North America;Yes;;22976,0-1 Miles,North America,Yes;22976,0-1 Miles,North America,Yes;;
27637;1-2 Miles;North America;No;;27637,1-2 Miles,North America,No;27637,1-2 Miles,North America,No;;
11890;0-1 Miles;North America;No;;11890,0-1 Miles,North America,No;11890,0-1 Miles,North America,No;;
28580;1-2 Miles;North America;Yes;;28580,1-2 Miles,North America,Yes;28580,1-2 Miles,North America,Yes;;
14443;0-1 Miles;North America;No;;14443,0-1 Miles,North America,No;14443,0-1 Miles,North America,No;;
17864;2-5 Miles;North America;Yes;;17864,2-5 Miles,North America,Yes;17864,2-5 Miles,North America,Yes;;
20505;10+ Miles;North America;No;;20505,10+ Miles,North America,No;20505,10+ Miles,North America,No;;
14592;0-1 Miles;North America;No;;14592,0-1 Miles,North America,No;14592,0-1 Miles,North America,No;;
22227;5-10 Miles;North America;No;;22227,5-10 Miles,North America,No;22227,5-10 Miles,North America,No;;
21471;10+ Miles;North America;No;;21471,10+ Miles,North America,No;21471,10+ Miles,North America,No;;
22252;2-5 Miles;North America;Yes;;22252,2-5 Miles,North America,Yes;22252,2-5 Miles,North America,Yes;;
21260;5-10 Miles;North America;No;;21260,5-10 Miles,North America,No;21260,5-10 Miles,North America,No;;
11817;2-5 Miles;North America;Yes;;11817,2-5 Miles,North America,Yes;11817,2-5 Miles,North America,Yes;;
19223;1-2 Miles;North America;No;;19223,1-2 Miles,North America,No;19223,1-2 Miles,North America,No;;
18517;0-1 Miles;North America;No;;18517,0-1 Miles,North America,No;18517,0-1 Miles,North America,No;;
21717;0-1 Miles;North America;No;;21717,0-1 Miles,North America,No;21717,0-1 Miles,North America,No;;
13760;0-1 Miles;North America;No;;13760,0-1 Miles,North America,No;13760,0-1 Miles,North America,No;;
18145;2-5 Miles;Europe;No;;18145,2-5 Miles,Europe,No;18145,2-5 Miles,Europe,No;;
21770;10+ Miles;North America;No;;21770,10+ Miles,North America,No;21770,10+ Miles,North America,No;;
11165;1-2 Miles;North America;No;;11165,1-2 Miles,North America,No;11165,1-2 Miles,North America,No;;
16377;0-1 Miles;North America;No;;16377,0-1 Miles,North America,No;16377,0-1 Miles,North America,No;;
26248;0-1 Miles;North America;No;;26248,0-1 Miles,North America,No;26248,0-1 Miles,North America,No;;
23461;2-5 Miles;North America;No;;23461,2-5 Miles,North America,No;23461,2-5 Miles,North America,No;;
29133;0-1 Miles;North America;No;;29133,0-1 Miles,North America,No;29133,0-1 Miles,North America,No;;
27673;5-10 Miles;North America;Yes;;27673,5-10 Miles,North America,Yes;27673,5-10 Miles,North America,Yes;;
12774;1-2 Miles;North America;Yes;;12774,1-2 Miles,North America,Yes;12774,1-2 Miles,North America,Yes;;
18910;5-10 Miles;North America;No;;18910,5-10 Miles,North America,No;18910,5-10 Miles,North America,No;;
11699;0-1 Miles;North America;No;;11699,0-1 Miles,North America,No;11699,0-1 Miles,North America,No;;
16725;5-10 Miles;North America;No;;16725,5-10 Miles,North America,No;16725,5-10 Miles,North America,No;;
28269;2-5 Miles;North America;No;;28269,2-5 Miles,North America,No;28269,2-5 Miles,North America,No;;
23144;0-1 Miles;North America;Yes;;23144,0-1 Miles,North America,Yes;23144,0-1 Miles,North America,Yes;;
23376;2-5 Miles;North America;Yes;;23376,2-5 Miles,North America,Yes;23376,2-5 Miles,North America,Yes;;
25970;0-1 Miles;North America;Yes;;25970,0-1 Miles,North America,Yes;25970,0-1 Miles,North America,Yes;;
28068;0-1 Miles;North America;Yes;;28068,0-1 Miles,North America,Yes;28068,0-1 Miles,North America,Yes;;
18390;0-1 Miles;North America;No;;18390,0-1 Miles,North America,No;18390,0-1 Miles,North America,No;;
29112;1-2 Miles;North America;No;;29112,1-2 Miles,North America,No;29112,1-2 Miles,North America,No;;
14090;0-1 Miles;North America;No;;14090,0-1 Miles,North America,No;14090,0-1 Miles,North America,No;;
27040;1-2 Miles;North America;No;;27040,1-2 Miles,North America,No;27040,1-2 Miles,North America,No;;
23479;0-1 Miles;North America;Yes;;23479,0-1 Miles,North America,Yes;23479,0-1 Miles,North America,Yes;;
16795;1-2 Miles;North America;No;;16795,1-2 Miles,North America,No;16795,1-2 Miles,North America,No;;
22014;5-10 Miles;North America;No;;22014,5-10 Miles,North America,No;22014,5-10 Miles,North America,No;;
13314;5-10 Miles;North America;Yes;;13314,5-10 Miles,North America,Yes;13314,5-10 Miles,North America,Yes;;
11619;1-2 Miles;North America;No;;11619,1-2 Miles,North America,No;11619,1-2 Miles,North America,No;;
29132;2-5 Miles;North America;Yes;;29132,2-5 Miles,North America,Yes;29132,2-5 Miles,North America,Yes;;
11199;10+ Miles;North America;No;;11199,10+ Miles,North America,No;11199,10+ Miles,North America,No;;
20296;1-2 Miles;North America;Yes;;20296,1-2 Miles,North America,Yes;20296,1-2 Miles,North America,Yes;;
17546;0-1 Miles;North America;Yes;;17546,0-1 Miles,North America,Yes;17546,0-1 Miles,North America,Yes;;
18069;10+ Miles;North America;No;;18069,10+ Miles,North America,No;18069,10+ Miles,North America,No;;
23712;10+ Miles;North America;No;;23712,10+ Miles,North America,No;23712,10+ Miles,North America,No;;
23358;5-10 Miles;North America;Yes;;23358,5-10 Miles,North America,Yes;23358,5-10 Miles,North America,Yes;;
20518;10+ Miles;North America;No;;20518,10+ Miles,North America,No;20518,10+ Miles,North America,No;;
28026;2-5 Miles;North America;No;;28026,2-5 Miles,North America,No;28026,2-5 Miles,North America,No;;
11669;2-5 Miles;North America;No;;11669,2-5 Miles,North America,No;11669,2-5 Miles,North America,No;;
16020;5-10 Miles;North America;Yes;;16020,5-10 Miles,North America,Yes;16020,5-10 Miles,North America,Yes;;
27090;2-5 Miles;North America;Yes;;27090,2-5 Miles,North America,Yes;27090,2-5 Miles,North America,Yes;;
27198;0-1 Miles;North America;No;;27198,0-1 Miles,North America,No;27198,0-1 Miles,North America,No;;
19661;1-2 Miles;North America;Yes;;19661,1-2 Miles,North America,Yes;19661,1-2 Miles,North America,Yes;;
26327;2-5 Miles;North America;Yes;;26327,2-5 Miles,North America,Yes;26327,2-5 Miles,North America,Yes;;
26341;0-1 Miles;North America;No;;26341,0-1 Miles,North America,No;26341,0-1 Miles,North America,No;;
24958;2-5 Miles;North America;Yes;;24958,2-5 Miles,North America,Yes;24958,2-5 Miles,North America,Yes;;
13287;5-10 Miles;North America;Yes;;13287,5-10 Miles,North America,Yes;13287,5-10 Miles,North America,Yes;;
14493;1-2 Miles;North America;No;;14493,1-2 Miles,North America,No;14493,1-2 Miles,North America,No;;
26678;5-10 Miles;North America;No;;26678,5-10 Miles,North America,No;26678,5-10 Miles,North America,No;;
23275;1-2 Miles;North America;No;;23275,1-2 Miles,North America,No;23275,1-2 Miles,North America,No;;
11270;0-1 Miles;North America;Yes;;11270,0-1 Miles,North America,Yes;11270,0-1 Miles,North America,Yes;;
20084;0-1 Miles;North America;No;;20084,0-1 Miles,North America,No;20084,0-1 Miles,North America,No;;
16144;0-1 Miles;North America;Yes;;16144,0-1 Miles,North America,Yes;16144,0-1 Miles,North America,Yes;;
27731;5-10 Miles;North America;No;;27731,5-10 Miles,North America,No;27731,5-10 Miles,North America,No;;
11886;0-1 Miles;North America;Yes;;11886,0-1 Miles,North America,Yes;11886,0-1 Miles,North America,Yes;;
24324;2-5 Miles;North America;Yes;;24324,2-5 Miles,North America,Yes;24324,2-5 Miles,North America,Yes;;
22220;1-2 Miles;North America;Yes;;22220,1-2 Miles,North America,Yes;22220,1-2 Miles,North America,Yes;;
26625;2-5 Miles;North America;Yes;;26625,2-5 Miles,North America,Yes;26625,2-5 Miles,North America,Yes;;
23027;0-1 Miles;North America;No;;23027,0-1 Miles,North America,No;23027,0-1 Miles,North America,No;;
16867;0-1 Miles;North America;Yes;;16867,0-1 Miles,North America,Yes;16867,0-1 Miles,North America,Yes;;
14514;5-10 Miles;North America;No;;14514,5-10 Miles,North America,No;14514,5-10 Miles,North America,No;;
19634;5-10 Miles;North America;No;;19634,5-10 Miles,North America,No;19634,5-10 Miles,North America,No;;
18504;1-2 Miles;North America;No;;18504,1-2 Miles,North America,No;18504,1-2 Miles,North America,No;;
28799;1-2 Miles;North America;Yes;;28799,1-2 Miles,North America,Yes;28799,1-2 Miles,North America,Yes;;
11225;10+ Miles;North America;No;;11225,10+ Miles,North America,No;11225,10+ Miles,North America,No;;
17657;0-1 Miles;North America;No;;17657,0-1 Miles,North America,No;17657,0-1 Miles,North America,No;;
14913;1-2 Miles;North America;Yes;;14913,1-2 Miles,North America,Yes;14913,1-2 Miles,North America,Yes;;
14077;5-10 Miles;North America;No;;14077,5-10 Miles,North America,No;14077,5-10 Miles,North America,No;;
13296;5-10 Miles;North America;No;;13296,5-10 Miles,North America,No;13296,5-10 Miles,North America,No;;
20535;10+ Miles;North America;No;;20535,10+ Miles,North America,No;20535,10+ Miles,North America,No;;
12452;1-2 Miles;North America;Yes;;12452,1-2 Miles,North America,Yes;12452,1-2 Miles,North America,Yes;;
28043;10+ Miles;North America;No;;28043,10+ Miles,North America,No;28043,10+ Miles,North America,No;;
12957;0-1 Miles;North America;No;;12957,0-1 Miles,North America,No;12957,0-1 Miles,North America,No;;
15412;2-5 Miles;North America;No;;15412,2-5 Miles,North America,No;15412,2-5 Miles,North America,No;;
20514;2-5 Miles;North America;No;;20514,2-5 Miles,North America,No;20514,2-5 Miles,North America,No;;
20758;1-2 Miles;North America;No;;20758,1-2 Miles,North America,No;20758,1-2 Miles,North America,No;;
11801;2-5 Miles;North America;No;;11801,2-5 Miles,North America,No;11801,2-5 Miles,North America,No;;
22211;5-10 Miles;North America;No;;22211,5-10 Miles,North America,No;22211,5-10 Miles,North America,No;;
28087;1-2 Miles;North America;No;;28087,1-2 Miles,North America,No;28087,1-2 Miles,North America,No;;
23668;5-10 Miles;North America;Yes;;23668,5-10 Miles,North America,Yes;23668,5-10 Miles,North America,Yes;;
27441;2-5 Miles;North America;No;;27441,2-5 Miles,North America,No;27441,2-5 Miles,North America,No;;
27261;0-1 Miles;North America;Yes;;27261,0-1 Miles,North America,Yes;27261,0-1 Miles,North America,Yes;;
18649;1-2 Miles;North America;Yes;;18649,1-2 Miles,North America,Yes;18649,1-2 Miles,North America,Yes;;
21714;0-1 Miles;North America;No;;21714,0-1 Miles,North America,No;21714,0-1 Miles,North America,No;;
23217;2-5 Miles;North America;Yes;;23217,2-5 Miles,North America,Yes;23217,2-5 Miles,North America,Yes;;
23797;0-1 Miles;North America;No;;23797,0-1 Miles,North America,No;23797,0-1 Miles,North America,No;;
13216;10+ Miles;North America;No;;13216,10+ Miles,North America,No;13216,10+ Miles,North America,No;;
20657;2-5 Miles;North America;Yes;;20657,2-5 Miles,North America,Yes;20657,2-5 Miles,North America,Yes;;
12882;0-1 Miles;North America;Yes;;12882,0-1 Miles,North America,Yes;12882,0-1 Miles,North America,Yes;;
25908;1-2 Miles;North America;No;;25908,1-2 Miles,North America,No;25908,1-2 Miles,North America,No;;
16753;5-10 Miles;North America;Yes;;16753,5-10 Miles,North America,Yes;16753,5-10 Miles,North America,Yes;;
14608;10+ Miles;North America;No;;14608,10+ Miles,North America,No;14608,10+ Miles,North America,No;;
24979;2-5 Miles;North America;Yes;;24979,2-5 Miles,North America,Yes;24979,2-5 Miles,North America,Yes;;
13313;2-5 Miles;North America;No;;13313,2-5 Miles,North America,No;13313,2-5 Miles,North America,No;;
18952;0-1 Miles;North America;No;;18952,0-1 Miles,North America,No;18952,0-1 Miles,North America,No;;
17699;0-1 Miles;North America;No;;17699,0-1 Miles,North America,No;17699,0-1 Miles,North America,No;;
14657;0-1 Miles;North America;Yes;;14657,0-1 Miles,North America,Yes;14657,0-1 Miles,North America,Yes;;
11540;1-2 Miles;North America;Yes;;11540,1-2 Miles,North America,Yes;11540,1-2 Miles,North America,Yes;;
11783;0-1 Miles;North America;No;;11783,0-1 Miles,North America,No;11783,0-1 Miles,North America,No;;
14602;0-1 Miles;North America;Yes;;14602,0-1 Miles,North America,Yes;14602,0-1 Miles,North America,Yes;;
29030;10+ Miles;North America;No;;29030,10+ Miles,North America,No;29030,10+ Miles,North America,No;;
26490;2-5 Miles;North America;Yes;;26490,2-5 Miles,North America,Yes;26490,2-5 Miles,North America,Yes;;
13151;5-10 Miles;North America;No;;13151,5-10 Miles,North America,No;13151,5-10 Miles,North America,No;;
17260;0-1 Miles;North America;No;;17260,0-1 Miles,North America,No;17260,0-1 Miles,North America,No;;
15372;2-5 Miles;North America;Yes;;15372,2-5 Miles,North America,Yes;15372,2-5 Miles,North America,Yes;;
18105;10+ Miles;North America;No;;18105,10+ Miles,North America,No;18105,10+ Miles,North America,No;;
19660;0-1 Miles;North America;No;;19660,0-1 Miles,North America,No;19660,0-1 Miles,North America,No;;
16112;2-5 Miles;North America;Yes;;16112,2-5 Miles,North America,Yes;16112,2-5 Miles,North America,Yes;;
20698;5-10 Miles;North America;No;;20698,5-10 Miles,North America,No;20698,5-10 Miles,North America,No;;
20076;1-2 Miles;North America;Yes;;20076,1-2 Miles,North America,Yes;20076,1-2 Miles,North America,Yes;;
24496;0-1 Miles;North America;Yes;;24496,0-1 Miles,North America,Yes;24496,0-1 Miles,North America,Yes;;
15468;0-1 Miles;North America;No;;15468,0-1 Miles,North America,No;15468,0-1 Miles,North America,No;;
28031;2-5 Miles;North America;Yes;;28031,2-5 Miles,North America,Yes;28031,2-5 Miles,North America,Yes;;
26270;1-2 Miles;North America;No;;26270,1-2 Miles,North America,No;26270,1-2 Miles,North America,No;;
22221;1-2 Miles;North America;Yes;;22221,1-2 Miles,North America,Yes;22221,1-2 Miles,North America,Yes;;
28228;1-2 Miles;North America;No;;28228,1-2 Miles,North America,No;28228,1-2 Miles,North America,No;;
18363;5-10 Miles;North America;Yes;;18363,5-10 Miles,North America,Yes;18363,5-10 Miles,North America,Yes;;
23256;5-10 Miles;North America;No;;23256,5-10 Miles,North America,No;23256,5-10 Miles,North America,No;;
12768;2-5 Miles;North America;Yes;;12768,2-5 Miles,North America,Yes;12768,2-5 Miles,North America,Yes;;
20361;5-10 Miles;North America;No;;20361,5-10 Miles,North America,No;20361,5-10 Miles,North America,No;;
21306;5-10 Miles;North America;No;;21306,5-10 Miles,North America,No;21306,5-10 Miles,North America,No;;
13382;1-2 Miles;North America;Yes;;13382,1-2 Miles,North America,Yes;13382,1-2 Miles,North America,Yes;;
20310;5-10 Miles;North America;Yes;;20310,5-10 Miles,North America,Yes;20310,5-10 Miles,North America,Yes;;
22971;0-1 Miles;North America;Yes;;22971,0-1 Miles,North America,Yes;22971,0-1 Miles,North America,Yes;;
15287;1-2 Miles;North America;Yes;;15287,1-2 Miles,North America,Yes;15287,1-2 Miles,North America,Yes;;
15532;2-5 Miles;North America;Yes;;15532,2-5 Miles,North America,Yes;15532,2-5 Miles,North America,Yes;;
11255;5-10 Miles;North America;No;;11255,5-10 Miles,North America,No;11255,5-10 Miles,North America,No;;
28090;5-10 Miles;North America;No;;28090,5-10 Miles,North America,No;28090,5-10 Miles,North America,No;;
15255;5-10 Miles;North America;Yes;;15255,5-10 Miles,North America,Yes;15255,5-10 Miles,North America,Yes;;
13154;0-1 Miles;North America;Yes;;13154,0-1 Miles,North America,Yes;13154,0-1 Miles,North America,Yes;;
26778;5-10 Miles;North America;No;;26778,5-10 Miles,North America,No;26778,5-10 Miles,North America,No;;
23248;1-2 Miles;North America;No;;23248,1-2 Miles,North America,No;23248,1-2 Miles,North America,No;;
21417;1-2 Miles;North America;Yes;;21417,1-2 Miles,North America,Yes;21417,1-2 Miles,North America,Yes;;
17668;1-2 Miles;North America;Yes;;17668,1-2 Miles,North America,Yes;17668,1-2 Miles,North America,Yes;;
27994;5-10 Miles;North America;No;;27994,5-10 Miles,North America,No;27994,5-10 Miles,North America,No;;
20376;5-10 Miles;North America;Yes;;20376,5-10 Miles,North America,Yes;20376,5-10 Miles,North America,Yes;;
25954;1-2 Miles;North America;No;;25954,1-2 Miles,North America,No;25954,1-2 Miles,North America,No;;
15749;10+ Miles;North America;No;;15749,10+ Miles,North America,No;15749,10+ Miles,North America,No;;
25899;10+ Miles;North America;No;;25899,10+ Miles,North America,No;25899,10+ Miles,North America,No;;
13351;1-2 Miles;North America;Yes;;13351,1-2 Miles,North America,Yes;13351,1-2 Miles,North America,Yes;;
23333;1-2 Miles;North America;No;;23333,1-2 Miles,North America,No;23333,1-2 Miles,North America,No;;
21660;2-5 Miles;North America;Yes;;21660,2-5 Miles,North America,Yes;21660,2-5 Miles,North America,Yes;;
17012;2-5 Miles;North America;Yes;;17012,2-5 Miles,North America,Yes;17012,2-5 Miles,North America,Yes;;
24514;5-10 Miles;North America;No;;24514,5-10 Miles,North America,No;24514,5-10 Miles,North America,No;;
27505;5-10 Miles;North America;No;;27505,5-10 Miles,North America,No;27505,5-10 Miles,North America,No;;
29243;5-10 Miles;North America;No;;29243,5-10 Miles,North America,No;29243,5-10 Miles,North America,No;;
26582;5-10 Miles;North America;Yes;;26582,5-10 Miles,North America,Yes;26582,5-10 Miles,North America,Yes;;
14271;5-10 Miles;North America;No;;14271,5-10 Miles,North America,No;14271,5-10 Miles,North America,No;;
23041;5-10 Miles;North America;Yes;;23041,5-10 Miles,North America,Yes;23041,5-10 Miles,North America,Yes;;
29048;0-1 Miles;North America;Yes;;29048,0-1 Miles,North America,Yes;29048,0-1 Miles,North America,Yes;;
24433;1-2 Miles;North America;Yes;;24433,1-2 Miles,North America,Yes;24433,1-2 Miles,North America,Yes;;
15501;2-5 Miles;North America;Yes;;15501,2-5 Miles,North America,Yes;15501,2-5 Miles,North America,Yes;;
13911;2-5 Miles;North America;Yes;;13911,2-5 Miles,North America,Yes;13911,2-5 Miles,North America,Yes;;
20421;5-10 Miles;North America;No;;20421,5-10 Miles,North America,No;20421,5-10 Miles,North America,No;;
16009;0-1 Miles;North America;No;;16009,0-1 Miles,North America,No;16009,0-1 Miles,North America,No;;
18411;5-10 Miles;North America;No;;18411,5-10 Miles,North America,No;18411,5-10 Miles,North America,No;;
19163;0-1 Miles;North America;Yes;;19163,0-1 Miles,North America,Yes;19163,0-1 Miles,North America,Yes;;
18572;0-1 Miles;North America;No;;18572,0-1 Miles,North America,No;18572,0-1 Miles,North America,No;;
27540;0-1 Miles;North America;Yes;;27540,0-1 Miles,North America,Yes;27540,0-1 Miles,North America,Yes;;
19889;2-5 Miles;North America;Yes;;19889,2-5 Miles,North America,Yes;19889,2-5 Miles,North America,Yes;;
12922;2-5 Miles;North America;Yes;;12922,2-5 Miles,North America,Yes;12922,2-5 Miles,North America,Yes;;
18891;5-10 Miles;North America;No;;18891,5-10 Miles,North America,No;18891,5-10 Miles,North America,No;;
16773;0-1 Miles;North America;No;;16773,0-1 Miles,North America,No;16773,0-1 Miles,North America,No;;
19143;2-5 Miles;North America;Yes;;19143,2-5 Miles,North America,Yes;19143,2-5 Miles,North America,Yes;;
23882;0-1 Miles;North America;Yes;;23882,0-1 Miles,North America,Yes;23882,0-1 Miles,North America,Yes;;
11233;10+ Miles;North America;No;;11233,10+ Miles,North America,No;11233,10+ Miles,North America,No;;
12056;5-10 Miles;North America;No;;12056,5-10 Miles,North America,No;12056,5-10 Miles,North America,No;;
15555;2-5 Miles;North America;Yes;;15555,2-5 Miles,North America,Yes;15555,2-5 Miles,North America,Yes;;
18423;1-2 Miles;North America;No;;18423,1-2 Miles,North America,No;18423,1-2 Miles,North America,No;;
22743;10+ Miles;North America;No;;22743,10+ Miles,North America,No;22743,10+ Miles,North America,No;;
25343;1-2 Miles;North America;No;;25343,1-2 Miles,North America,No;25343,1-2 Miles,North America,No;;
13390;1-2 Miles;North America;No;;13390,1-2 Miles,North America,No;13390,1-2 Miles,North America,No;;
17482;5-10 Miles;North America;No;;17482,5-10 Miles,North America,No;17482,5-10 Miles,North America,No;;
13176;0-1 Miles;North America;Yes;;13176,0-1 Miles,North America,Yes;13176,0-1 Miles,North America,Yes;;
20504;2-5 Miles;North America;No;;20504,2-5 Miles,North America,No;20504,2-5 Miles,North America,No;;
12205;0-1 Miles;North America;No;;12205,0-1 Miles,North America,No;12205,0-1 Miles,North America,No;;
16751;5-10 Miles;North America;Yes;;16751,5-10 Miles,North America,Yes;16751,5-10 Miles,North America,Yes;;
21613;0-1 Miles;North America;Yes;;21613,0-1 Miles,North America,Yes;21613,0-1 Miles,North America,Yes;;
24801;2-5 Miles;North America;Yes;;24801,2-5 Miles,North America,Yes;24801,2-5 Miles,North America,Yes;;
17519;5-10 Miles;North America;No;;17519,5-10 Miles,North America,No;17519,5-10 Miles,North America,No;;
18347;1-2 Miles;North America;No;;18347,1-2 Miles,North America,No;18347,1-2 Miles,North America,No;;
29052;5-10 Miles;North America;No;;29052,5-10 Miles,North America,No;29052,5-10 Miles,North America,No;;
11745;0-1 Miles;North America;Yes;;11745,0-1 Miles,North America,Yes;11745,0-1 Miles,North America,Yes;;
19147;0-1 Miles;North America;No;;19147,0-1 Miles,North America,No;19147,0-1 Miles,North America,No;;
19217;1-2 Miles;North America;No;;19217,1-2 Miles,North America,No;19217,1-2 Miles,North America,No;;
15839;5-10 Miles;North America;No;;15839,5-10 Miles,North America,No;15839,5-10 Miles,North America,No;;
13714;1-2 Miles;North America;Yes;;13714,1-2 Miles,North America,Yes;13714,1-2 Miles,North America,Yes;;
22330;1-2 Miles;North America;Yes;;22330,1-2 Miles,North America,Yes;22330,1-2 Miles,North America,Yes;;
18783;0-1 Miles;North America;Yes;;18783,0-1 Miles,North America,Yes;18783,0-1 Miles,North America,Yes;;
25041;5-10 Miles;North America;No;;25041,5-10 Miles,North America,No;25041,5-10 Miles,North America,No;;
22046;0-1 Miles;North America;Yes;;22046,0-1 Miles,North America,Yes;22046,0-1 Miles,North America,Yes;;
28052;10+ Miles;North America;No;;28052,10+ Miles,North America,No;28052,10+ Miles,North America,No;;
26693;5-10 Miles;North America;No;;26693,5-10 Miles,North America,No;26693,5-10 Miles,North America,No;;
24955;10+ Miles;North America;Yes;;24955,10+ Miles,North America,Yes;24955,10+ Miles,North America,Yes;;
26065;1-2 Miles;North America;No;;26065,1-2 Miles,North America,No;26065,1-2 Miles,North America,No;;
13942;0-1 Miles;North America;No;;13942,0-1 Miles,North America,No;13942,0-1 Miles,North America,No;;
11219;10+ Miles;North America;No;;11219,10+ Miles,North America,No;11219,10+ Miles,North America,No;;
22118;5-10 Miles;North America;Yes;;22118,5-10 Miles,North America,Yes;22118,5-10 Miles,North America,Yes;;
23197;2-5 Miles;North America;No;;23197,2-5 Miles,North America,No;23197,2-5 Miles,North America,No;;
14883;5-10 Miles;North America;Yes;;14883,5-10 Miles,North America,Yes;14883,5-10 Miles,North America,Yes;;
27279;2-5 Miles;North America;Yes;;27279,2-5 Miles,North America,Yes;27279,2-5 Miles,North America,Yes;;
18322;0-1 Miles;North America;No;;18322,0-1 Miles,North America,No;18322,0-1 Miles,North America,No;;
15879;2-5 Miles;North America;No;;15879,2-5 Miles,North America,No;15879,2-5 Miles,North America,No;;
28278;5-10 Miles;North America;No;;28278,5-10 Miles,North America,No;28278,5-10 Miles,North America,No;;
24416;1-2 Miles;North America;No;;24416,1-2 Miles,North America,No;24416,1-2 Miles,North America,No;;
28066;0-1 Miles;North America;Yes;;28066,0-1 Miles,North America,Yes;28066,0-1 Miles,North America,Yes;;
11275;0-1 Miles;North America;Yes;;11275,0-1 Miles,North America,Yes;11275,0-1 Miles,North America,Yes;;
14872;0-1 Miles;North America;No;;14872,0-1 Miles,North America,No;14872,0-1 Miles,North America,No;;
16151;2-5 Miles;North America;Yes;;16151,2-5 Miles,North America,Yes;16151,2-5 Miles,North America,Yes;;
19731;5-10 Miles;North America;No;;19731,5-10 Miles,North America,No;19731,5-10 Miles,North America,No;;
23801;0-1 Miles;North America;No;;23801,0-1 Miles,North America,No;23801,0-1 Miles,North America,No;;
11807;2-5 Miles;North America;No;;11807,2-5 Miles,North America,No;11807,2-5 Miles,North America,No;;
11622;0-1 Miles;North America;No;;11622,0-1 Miles,North America,No;11622,0-1 Miles,North America,No;;
26597;0-1 Miles;North America;No;;26597,0-1 Miles,North America,No;26597,0-1 Miles,North America,No;;
27074;0-1 Miles;North America;Yes;;27074,0-1 Miles,North America,Yes;27074,0-1 Miles,North America,Yes;;
19228;0-1 Miles;North America;No;;19228,0-1 Miles,North America,No;19228,0-1 Miles,North America,No;;
13415;2-5 Miles;North America;Yes;;13415,2-5 Miles,North America,Yes;13415,2-5 Miles,North America,Yes;;
17000;2-5 Miles;North America;Yes;;17000,2-5 Miles,North America,Yes;17000,2-5 Miles,North America,Yes;;
14569;0-1 Miles;North America;No;;14569,0-1 Miles,North America,No;14569,0-1 Miles,North America,No;;
13873;0-1 Miles;North America;Yes;;13873,0-1 Miles,North America,Yes;13873,0-1 Miles,North America,Yes;;
20401;1-2 Miles;North America;Yes;;20401,1-2 Miles,North America,Yes;20401,1-2 Miles,North America,Yes;;
21583;0-1 Miles;North America;Yes;;21583,0-1 Miles,North America,Yes;21583,0-1 Miles,North America,Yes;;
12029;0-1 Miles;North America;No;;12029,0-1 Miles,North America,No;12029,0-1 Miles,North America,No;;
18066;10+ Miles;North America;Yes;;18066,10+ Miles,North America,Yes;18066,10+ Miles,North America,Yes;;
28192;10+ Miles;North America;No;;28192,10+ Miles,North America,No;28192,10+ Miles,North America,No;;
16122;0-1 Miles;North America;Yes;;16122,0-1 Miles,North America,Yes;16122,0-1 Miles,North America,Yes;;
18607;2-5 Miles;North America;Yes;;18607,2-5 Miles,North America,Yes;18607,2-5 Miles,North America,Yes;;
28858;2-5 Miles;North America;No;;28858,2-5 Miles,North America,No;28858,2-5 Miles,North America,No;;
14432;5-10 Miles;North America;No;;14432,5-10 Miles,North America,No;14432,5-10 Miles,North America,No;;
26305;0-1 Miles;North America;Yes;;26305,0-1 Miles,North America,Yes;26305,0-1 Miles,North America,Yes;;
22050;1-2 Miles;North America;Yes;;22050,1-2 Miles,North America,Yes;22050,1-2 Miles,North America,Yes;;
25394;2-5 Miles;North America;Yes;;25394,2-5 Miles,North America,Yes;25394,2-5 Miles,North America,Yes;;
19747;10+ Miles;North America;No;;19747,10+ Miles,North America,No;19747,10+ Miles,North America,No;;
23195;2-5 Miles;North America;Yes;;23195,2-5 Miles,North America,Yes;23195,2-5 Miles,North America,Yes;;
21695;1-2 Miles;North America;Yes;;21695,1-2 Miles,North America,Yes;21695,1-2 Miles,North America,Yes;;
13934;2-5 Miles;North America;No;;13934,2-5 Miles,North America,No;13934,2-5 Miles,North America,No;;
13337;5-10 Miles;North America;No;;13337,5-10 Miles,North America,No;13337,5-10 Miles,North America,No;;
27190;1-2 Miles;North America;No;;27190,1-2 Miles,North America,No;27190,1-2 Miles,North America,No;;
28657;2-5 Miles;North America;Yes;;28657,2-5 Miles,North America,Yes;28657,2-5 Miles,North America,Yes;;
21713;0-1 Miles;North America;No;;21713,0-1 Miles,North America,No;21713,0-1 Miles,North America,No;;
21752;10+ Miles;North America;No;;21752,10+ Miles,North America,No;21752,10+ Miles,North America,No;;
27273;0-1 Miles;North America;Yes;;27273,0-1 Miles,North America,Yes;27273,0-1 Miles,North America,Yes;;
22719;2-5 Miles;North America;Yes;;22719,2-5 Miles,North America,Yes;22719,2-5 Miles,North America,Yes;;
22042;5-10 Miles;North America;Yes;;22042,5-10 Miles,North America,Yes;22042,5-10 Miles,North America,Yes;;
21451;10+ Miles;North America;No;;21451,10+ Miles,North America,No;21451,10+ Miles,North America,No;;
20754;1-2 Miles;North America;No;;20754,1-2 Miles,North America,No;20754,1-2 Miles,North America,No;;
12153;5-10 Miles;North America;Yes;;12153,5-10 Miles,North America,Yes;12153,5-10 Miles,North America,Yes;;
16895;1-2 Miles;North America;Yes;;16895,1-2 Miles,North America,Yes;16895,1-2 Miles,North America,Yes;;
26728;1-2 Miles;North America;Yes;;26728,1-2 Miles,North America,Yes;26728,1-2 Miles,North America,Yes;;
11090;2-5 Miles;North America;Yes;;11090,2-5 Miles,North America,Yes;11090,2-5 Miles,North America,Yes;;
15862;1-2 Miles;North America;Yes;;15862,1-2 Miles,North America,Yes;15862,1-2 Miles,North America,Yes;;
26495;10+ Miles;North America;No;;26495,10+ Miles,North America,No;26495,10+ Miles,North America,No;;
11823;2-5 Miles;North America;No;;11823,2-5 Miles,North America,No;11823,2-5 Miles,North America,No;;
23449;5-10 Miles;North America;No;;23449,5-10 Miles,North America,No;23449,5-10 Miles,North America,No;;
23459;5-10 Miles;North America;No;;23459,5-10 Miles,North America,No;23459,5-10 Miles,North America,No;;
19543;10+ Miles;North America;No;;19543,10+ Miles,North America,No;19543,10+ Miles,North America,No;;
14914;1-2 Miles;North America;Yes;;14914,1-2 Miles,North America,Yes;14914,1-2 Miles,North America,Yes;;
12033;0-1 Miles;North America;Yes;;12033,0-1 Miles,North America,Yes;12033,0-1 Miles,North America,Yes;;
11941;5-10 Miles;North America;No;;11941,5-10 Miles,North America,No;11941,5-10 Miles,North America,No;;
14389;2-5 Miles;North America;No;;14389,2-5 Miles,North America,No;14389,2-5 Miles,North America,No;;
18050;0-1 Miles;North America;Yes;;18050,0-1 Miles,North America,Yes;18050,0-1 Miles,North America,Yes;;
19856;2-5 Miles;North America;No;;19856,2-5 Miles,North America,No;19856,2-5 Miles,North America,No;;
11663;0-1 Miles;North America;Yes;;11663,0-1 Miles,North America,Yes;11663,0-1 Miles,North America,Yes;;
27740;5-10 Miles;North America;No;;27740,5-10 Miles,North America,No;27740,5-10 Miles,North America,No;;
23455;1-2 Miles;North America;No;;23455,1-2 Miles,North America,No;23455,1-2 Miles,North America,No;;
15292;1-2 Miles;North America;No;;15292,1-2 Miles,North America,No;15292,1-2 Miles,North America,No;;
21587;2-5 Miles;North America;Yes;;21587,2-5 Miles,North America,Yes;21587,2-5 Miles,North America,Yes;;
23513;5-10 Miles;North America;No;;23513,5-10 Miles,North America,No;23513,5-10 Miles,North America,No;;
24322;0-1 Miles;North America;No;;24322,0-1 Miles,North America,No;24322,0-1 Miles,North America,No;;
26298;2-5 Miles;North America;Yes;;26298,2-5 Miles,North America,Yes;26298,2-5 Miles,North America,Yes;;
25419;0-1 Miles;North America;Yes;;25419,0-1 Miles,North America,Yes;25419,0-1 Miles,North America,Yes;;
13343;1-2 Miles;North America;Yes;;13343,1-2 Miles,North America,Yes;13343,1-2 Miles,North America,Yes;;
11303;1-2 Miles;North America;Yes;;11303,1-2 Miles,North America,Yes;11303,1-2 Miles,North America,Yes;;
21693;0-1 Miles;North America;No;;21693,0-1 Miles,North America,No;21693,0-1 Miles,North America,No;;
28056;10+ Miles;North America;No;;28056,10+ Miles,North America,No;28056,10+ Miles,North America,No;;
11788;2-5 Miles;North America;No;;11788,2-5 Miles,North America,No;11788,2-5 Miles,North America,No;;
22296;0-1 Miles;North America;No;;22296,0-1 Miles,North America,No;22296,0-1 Miles,North America,No;;
15319;1-2 Miles;North America;No;;15319,1-2 Miles,North America,No;15319,1-2 Miles,North America,No;;
17654;1-2 Miles;North America;Yes;;17654,1-2 Miles,North America,Yes;17654,1-2 Miles,North America,Yes;;
14662;0-1 Miles;North America;Yes;;14662,0-1 Miles,North America,Yes;14662,0-1 Miles,North America,Yes;;
17541;2-5 Miles;North America;No;;17541,2-5 Miles,North America,No;17541,2-5 Miles,North America,No;;
13886;2-5 Miles;North America;Yes;;13886,2-5 Miles,North America,Yes;13886,2-5 Miles,North America,Yes;;
13073;5-10 Miles;North America;No;;13073,5-10 Miles,North America,No;13073,5-10 Miles,North America,No;;
21940;0-1 Miles;North America;Yes;;21940,0-1 Miles,North America,Yes;21940,0-1 Miles,North America,Yes;;
20196;2-5 Miles;North America;Yes;;20196,2-5 Miles,North America,Yes;20196,2-5 Miles,North America,Yes;;
23491;1-2 Miles;North America;No;;23491,1-2 Miles,North America,No;23491,1-2 Miles,North America,No;;
16651;5-10 Miles;North America;No;;16651,5-10 Miles,North America,No;16651,5-10 Miles,North America,No;;
16813;10+ Miles;North America;No;;16813,10+ Miles,North America,No;16813,10+ Miles,North America,No;;
16007;1-2 Miles;North America;Yes;;16007,1-2 Miles,North America,Yes;16007,1-2 Miles,North America,Yes;;
27434;10+ Miles;North America;No;;27434,10+ Miles,North America,No;27434,10+ Miles,North America,No;;
27756;0-1 Miles;North America;No;;27756,0-1 Miles,North America,No;27756,0-1 Miles,North America,No;;
23818;1-2 Miles;North America;Yes;;23818,1-2 Miles,North America,Yes;23818,1-2 Miles,North America,Yes;;
19012;1-2 Miles;North America;No;;19012,1-2 Miles,North America,No;19012,1-2 Miles,North America,No;;
18329;5-10 Miles;North America;No;;18329,5-10 Miles,North America,No;18329,5-10 Miles,North America,No;;
29037;0-1 Miles;North America;No;;29037,0-1 Miles,North America,No;29037,0-1 Miles,North America,No;;
26576;5-10 Miles;North America;No;;26576,5-10 Miles,North America,No;26576,5-10 Miles,North America,No;;
12192;1-2 Miles;North America;No;;12192,1-2 Miles,North America,No;12192,1-2 Miles,North America,No;;
14887;5-10 Miles;North America;No;;14887,5-10 Miles,North America,No;14887,5-10 Miles,North America,No;;
11734;0-1 Miles;North America;No;;11734,0-1 Miles,North America,No;11734,0-1 Miles,North America,No;;
17462;5-10 Miles;North America;Yes;;17462,5-10 Miles,North America,Yes;17462,5-10 Miles,North America,Yes;;
20659;0-1 Miles;North America;Yes;;20659,0-1 Miles,North America,Yes;20659,0-1 Miles,North America,Yes;;
28004;10+ Miles;North America;No;;28004,10+ Miles,North America,No;28004,10+ Miles,North America,No;;
19741;5-10 Miles;North America;No;;19741,5-10 Miles,North America,No;19741,5-10 Miles,North America,No;;
17450;5-10 Miles;North America;No;;17450,5-10 Miles,North America,No;17450,5-10 Miles,North America,No;;
17337;5-10 Miles;North America;No;;17337,5-10 Miles,North America,No;17337,5-10 Miles,North America,No;;
18594;10+ Miles;North America;Yes;;18594,10+ Miles,North America,Yes;18594,10+ Miles,North America,Yes;;
15982;2-5 Miles;North America;No;;15982,2-5 Miles,North America,No;15982,2-5 Miles,North America,No;;
28625;1-2 Miles;North America;Yes;;28625,1-2 Miles,North America,Yes;28625,1-2 Miles,North America,Yes;;
11269;0-1 Miles;North America;No;;11269,0-1 Miles,North America,No;11269,0-1 Miles,North America,No;;
25148;1-2 Miles;North America;Yes;;25148,1-2 Miles,North America,Yes;25148,1-2 Miles,North America,Yes;;
13920;0-1 Miles;North America;No;;13920,0-1 Miles,North America,No;13920,0-1 Miles,North America,No;;
23704;10+ Miles;North America;Yes;;23704,10+ Miles,North America,Yes;23704,10+ Miles,North America,Yes;;
28972;10+ Miles;North America;No;;28972,10+ Miles,North America,No;28972,10+ Miles,North America,No;;
22730;10+ Miles;North America;No;;22730,10+ Miles,North America,No;22730,10+ Miles,North America,No;;
29134;10+ Miles;North America;No;;29134,10+ Miles,North America,No;29134,10+ Miles,North America,No;;
14332;5-10 Miles;North America;No;;14332,5-10 Miles,North America,No;14332,5-10 Miles,North America,No;;
19117;2-5 Miles;North America;Yes;;19117,2-5 Miles,North America,Yes;19117,2-5 Miles,North America,Yes;;
22864;5-10 Miles;North America;Yes;;22864,5-10 Miles,North America,Yes;22864,5-10 Miles,North America,Yes;;
11292;0-1 Miles;North America;Yes;;11292,0-1 Miles,North America,Yes;11292,0-1 Miles,North America,Yes;;
13466;1-2 Miles;North America;No;;13466,1-2 Miles,North America,No;13466,1-2 Miles,North America,No;;
23731;2-5 Miles;North America;Yes;;23731,2-5 Miles,North America,Yes;23731,2-5 Miles,North America,Yes;;
28672;2-5 Miles;North America;Yes;;28672,2-5 Miles,North America,Yes;28672,2-5 Miles,North America,Yes;;
11809;0-1 Miles;North America;Yes;;11809,0-1 Miles,North America,Yes;11809,0-1 Miles,North America,Yes;;
19664;1-2 Miles;North America;No;;19664,1-2 Miles,North America,No;19664,1-2 Miles,North America,No;;
12121;10+ Miles;North America;Yes;;12121,10+ Miles,North America,Yes;12121,10+ Miles,North America,Yes;;
